AlgoName, Graph Type, Nodes in Path, Nodes Explored, Execution Time, Total Distance, Heuristic Cost,,,,,,,,,,
A_Star, Adjacency_List,111,8529,18.2847,110,164.662,,,Adjacency Matrix              Source -> Destination,,Search Algorithm,,,,,
A_Star, Adjacency_List,37,3028,7.04095,36,50.684,,,,,DFS Iterative,DFS Recursive,BFS Iterative,BFS Recursive,Dijkstra,A*
A_Star, Adjacency_List,80,5673,14.4669,79,102.874,,,Average Normalized Results,Nodes in Path,5212.78,5212.78,65.96,65.96,198.2,66.14
A_Star, Adjacency_List,100,8027,17.1986,99,42.888,,,,Nodes Explored,5212.89,5212.89,5090.81,5090.81,6549.92,5137.07
A_Star, Adjacency_List,28,1656,3.93001,27,24.949,,,,Execution Time,3.4127,1.6084,3.5927,3.6020,8.1366,8.1684
A_Star, Adjacency_List,65,4373,9.81089,64,1.556,,,,Distance,5211.78,5211.78,64.96,64.96,197.2,65.14
A_Star, Adjacency_List,91,7901,17.4094,90,117.179,,,,Cost,0,0,0,0,97.162181,97.49331
A_Star, Adjacency_List,126,9451,21.6145,125,164.262,,,,,,,,,,
A_Star, Adjacency_List,64,3972,7.41863,63,85.82,,,,,,,,,,
A_Star, Adjacency_List,16,507,0.931103,15,19.781,,,Adjacency List                Source -> Destination,,Search Algorithm,,,,,
A_Star, Adjacency_List,111,8530,17.8762,110,145.883,,,,,DFS Iterative,DFS Recursive,BFS Iterative,BFS Recursive,Dijkstra,A*
A_Star, Adjacency_List,90,6246,13.0293,89,112.754,,,Average Normalized Results,Nodes in Path,5212.78,5212.78,65.96,65.96,197.48,66.14
A_Star, Adjacency_List,32,804,1.06312,31,14.432,,,,Nodes Explored,5212.89,5212.89,5090.81,5090.81,6518.77,5137.07
A_Star, Adjacency_List,19,712,1.63778,18,24.467,,,,Execution Time,6.7188,6.1953,6.6407,6.6536,11.0600,11.2291
A_Star, Adjacency_List,81,5274,12.9293,80,112.3,,,,Distance,5211.78,5211.78,64.96,64.96,196.48,65.14
A_Star, Adjacency_List,59,6408,14.1108,58,99.747,,,,Cost,0,0,0,0,96.83,67.73257
A_Star, Adjacency_List,66,6614,14.1285,65,2.963,,,,,,,,,,
A_Star, Adjacency_List,139,9933,22.1541,138,10.878,,,,,,,,,,
A_Star, Adjacency_List,39,3309,7.14002,38,53.673,,,,,,,,,,
A_Star, Adjacency_List,88,8820,20.5004,87,113.305,,,,,,,,,,
A_Star, Adjacency_List,58,2608,6.46761,57,34.534,,,,,,,,,,
A_Star, Adjacency_List,22,912,1.22461,21,28.713,,,,,,,,,,
A_Star, Adjacency_List,40,2737,6.76073,39,12.024,,,,,,,,,,
A_Star, Adjacency_List,57,6170,13.3355,56,73.29,,,,,,,,,,
A_Star, Adjacency_List,30,1486,3.74116,29,36.583,,,,,,,,,,
A_Star, Adjacency_List,25,1280,2.61103,24,33.499,,,,,,,,,,
A_Star, Adjacency_List,7,111,0.140455,6,8.491,,,,,,,,,,
A_Star, Adjacency_List,51,2547,3.74355,50,65.827,,,,,,,,,,
A_Star, Adjacency_List,29,1381,3.55726,28,37.342,,,,,,,,,,
A_Star, Adjacency_List,118,9618,22.2814,117,66.125,,,,,,,,,,
A_Star, Adjacency_List,27,1270,1.91209,26,56.904,,,,,,,,,,
A_Star, Adjacency_List,52,3221,5.60929,51,74.058,,,,,,,,,,
A_Star, Adjacency_List,88,5092,9.24548,87,116.135,,,,,,,,,,
A_Star, Adjacency_List,4,27,0.0504416,3,2.253,,,,,,,,,,
A_Star, Adjacency_List,83,6527,16.166,82,90.062,,,,,,,,,,
A_Star, Adjacency_List,78,7773,18.4384,77,18.361,,,,,,,,,,
A_Star, Adjacency_List,71,5748,12.7289,70,95.267,,,,,,,,,,
A_Star, Adjacency_List,31,1964,3.70294,30,115.694,,,,,,,,,,
A_Star, Adjacency_List,45,2635,5.37235,44,23.715,,,,,,,,,,
A_Star, Adjacency_List,54,3547,7.07343,53,71.768,,,,,,,,,,
A_Star, Adjacency_List,77,5534,13.8228,76,2.473,,,,,,,,,,
A_Star, Adjacency_List,90,7754,16.5445,89,114.109,,,,,,,,,,
A_Star, Adjacency_List,86,7302,17.589,85,79.043,,,,,,,,,,
A_Star, Adjacency_List,35,2172,4.33023,34,8.885,,,,,,,,,,
A_Star, Adjacency_List,48,4045,7.66255,47,41.327,,,,,,,,,,
A_Star, Adjacency_List,51,4917,11.7709,50,104.549,,,,,,,,,,
A_Star, Adjacency_List,37,2827,5.57569,36,103.955,,,,,,,,,,
A_Star, Adjacency_List,44,3896,8.3613,43,1.192,,,,,,,,,,
A_Star, Adjacency_List,106,9153,20.8943,105,21.687,,,,,,,,,,
A_Star, Adjacency_List,49,4193,7.49544,48,64.852,,,,,,,,,,
A_Star, Adjacency_List,56,5671,11.7793,55,114.715,,,,,,,,,,
A_Star, Adjacency_List,70,8018,17.2247,69,43.254,,,,,,,,,,
A_Star, Adjacency_List,99,7233,14.7424,98,19.803,,,,,,,,,,
A_Star, Adjacency_List,88,8520,18.4364,87,117.585,,,,,,,,,,
A_Star, Adjacency_List,21,868,1.18621,20,35.979,,,,,,,,,,
A_Star, Adjacency_List,62,5721,12.1121,61,80.57,,,,,,,,,,
A_Star, Adjacency_List,70,6212,14.4077,69,91.449,,,,,,,,,,
A_Star, Adjacency_List,46,4465,10.2178,45,63.943,,,,,,,,,,
A_Star, Adjacency_List,17,500,1.07541,16,19.369,,,,,,,,,,
A_Star, Adjacency_List,101,8171,17.9457,100,21.21,,,,,,,,,,
A_Star, Adjacency_List,12,352,0.581785,11,16.262,,,,,,,,,,
A_Star, Adjacency_List,31,1429,3.72342,30,123.71,,,,,,,,,,
A_Star, Adjacency_List,37,2324,3.66659,36,97.956,,,,,,,,,,
A_Star, Adjacency_List,39,2935,5.27067,38,14.558,,,,,,,,,,
A_Star, Adjacency_List,42,3222,6.023,41,18.187,,,,,,,,,,
A_Star, Adjacency_List,67,7135,17.0046,66,7.853,,,,,,,,,,
A_Star, Adjacency_List,70,7148,16.827,69,91.046,,,,,,,,,,
A_Star, Adjacency_List,42,3679,6.93679,41,56.547,,,,,,,,,,
A_Star, Adjacency_List,95,6531,12.6816,94,129.423,,,,,,,,,,
A_Star, Adjacency_List,98,6974,16.1283,97,23.424,,,,,,,,,,
A_Star, Adjacency_List,63,6932,15.2392,62,79.766,,,,,,,,,,
A_Star, Adjacency_List,105,9574,21.6774,104,134.107,,,,,,,,,,
A_Star, Adjacency_List,77,8943,19.6467,76,98.49,,,,,,,,,,
A_Star, Adjacency_List,125,9074,19.425,124,13.305,,,,,,,,,,
A_Star, Adjacency_List,111,9682,21.6244,110,142.514,,,,,,,,,,
A_Star, Adjacency_List,40,2807,6.43251,39,21.913,,,,,,,,,,
A_Star, Adjacency_List,70,4213,9.86071,69,1.869,,,,,,,,,,
A_Star, Adjacency_List,83,6848,15.5377,82,106.605,,,,,,,,,,
A_Star, Adjacency_List,108,6865,13.5478,107,144.216,,,,,,,,,,
A_Star, Adjacency_List,79,7008,16.9061,78,26.733,,,,,,,,,,
A_Star, Adjacency_List,61,3992,9.44866,60,83.022,,,,,,,,,,
A_Star, Adjacency_List,85,7823,18.0746,84,42.576,,,,,,,,,,
A_Star, Adjacency_List,85,7379,14.428,84,108.845,,,,,,,,,,
A_Star, Adjacency_List,90,5886,13.5893,89,112.199,,,,,,,,,,
A_Star, Adjacency_List,56,3250,6.08087,55,1.865,,,,,,,,,,
A_Star, Adjacency_List,62,2549,3.98569,61,80.225,,,,,,,,,,
A_Star, Adjacency_List,138,9527,21.6129,137,173.164,,,,,,,,,,
A_Star, Adjacency_List,83,6604,14.0946,82,114.631,,,,,,,,,,
A_Star, Adjacency_List,94,8990,20.6826,93,122.061,,,,,,,,,,
A_Star, Adjacency_List,69,4359,11.0074,68,88.92,,,,,,,,,,
A_Star, Adjacency_List,83,5968,14.143,82,103.121,,,,,,,,,,
A_Star, Adjacency_List,66,4232,6.84809,65,129.535,,,,,,,,,,
A_Star, Adjacency_List,36,2244,5.08038,35,48.096,,,,,,,,,,
A_Star, Adjacency_List,121,8845,20.3208,120,156.243,,,,,,,,,,
A_Star, Adjacency_List,118,9348,21.487,117,148.511,,,,,,,,,,
A_Star, Adjacency_List,77,7892,16.6862,76,2.343,,,,,,,,,,
A_Star, Adjacency_List,58,6177,12.7036,57,70.574,,,,,,,,,,
A_Star, Adjacency_List,69,4099,9.7393,68,89.844,,,,,,,,,,
A_Star, Adjacency_List,31,1493,2.80124,30,40.746,,,,,,,,,,
A_Star, Adjacency_List,73,5782,11.3452,72,32.601,,,,,,,,,,
Dijkstra, Adjacency_List,431,9316,14.4448,430,209.226,,,,,,,,,,
Dijkstra, Adjacency_List,79,6106,8.44998,78,36.08,,,,,,,,,,
Dijkstra, Adjacency_List,390,9333,14.6373,389,188.176,,,,,,,,,,
Dijkstra, Adjacency_List,488,9603,15.6994,487,233.833,,,,,,,,,,
Dijkstra, Adjacency_List,152,2919,4.68669,151,72.171,,,,,,,,,,
Dijkstra, Adjacency_List,193,4567,6.60039,192,96.282,,,,,,,,,,
Dijkstra, Adjacency_List,243,9107,14.0055,242,117.991,,,,,,,,,,
Dijkstra, Adjacency_List,230,8929,13.7297,229,111.577,,,,,,,,,,
Dijkstra, Adjacency_List,220,9961,18.5771,219,112.944,,,,,,,,,,
Dijkstra, Adjacency_List,102,3231,3.82432,101,50.046,,,,,,,,,,
Dijkstra, Adjacency_List,237,9436,14.929,236,117.629,,,,,,,,,,
Dijkstra, Adjacency_List,186,9265,14.6233,185,98.945,,,,,,,,,,
Dijkstra, Adjacency_List,632,9919,17.6086,631,307.846,,,,,,,,,,
Dijkstra, Adjacency_List,151,9408,14.8606,150,71.786,,,,,,,,,,
Dijkstra, Adjacency_List,227,9865,16.959,226,103.704,,,,,,,,,,
Dijkstra, Adjacency_List,95,4216,5.94406,94,52.269,,,,,,,,,,
Dijkstra, Adjacency_List,142,3726,5.18931,141,76.46,,,,,,,,,,
Dijkstra, Adjacency_List,233,9427,14.8278,232,109.466,,,,,,,,,,
Dijkstra, Adjacency_List,83,1396,1.86486,82,40.379,,,,,,,,,,
Dijkstra, Adjacency_List,280,10000,23.8283,279,142.222,,,,,,,,,,
Dijkstra, Adjacency_List,178,1426,2.51676,177,84.68,,,,,,,,,,
Dijkstra, Adjacency_List,140,9640,15.9309,139,75.001,,,,,,,,,,
Dijkstra, Adjacency_List,120,1207,1.67318,119,60.684,,,,,,,,,,
Dijkstra, Adjacency_List,199,9984,19.5515,198,93.291,,,,,,,,,,
Dijkstra, Adjacency_List,38,10000,22.6558,37,16.359,,,,,,,,,,
Dijkstra, Adjacency_List,41,262,0.380484,40,21.409,,,,,,,,,,
Dijkstra, Adjacency_List,21,256,0.259089,20,10.838,,,,,,,,,,
Dijkstra, Adjacency_List,149,2325,2.49312,148,80.999,,,,,,,,,,
Dijkstra, Adjacency_List,241,9508,15.2392,240,110.29,,,,,,,,,,
Dijkstra, Adjacency_List,448,8435,13.3398,447,212.484,,,,,,,,,,
Dijkstra, Adjacency_List,113,9709,16.3228,112,58.891,,,,,,,,,,
Dijkstra, Adjacency_List,202,2904,3.05034,201,104.941,,,,,,,,,,
Dijkstra, Adjacency_List,186,8951,13.9476,185,91.762,,,,,,,,,,
Dijkstra, Adjacency_List,4,903,1.54202,3,2.436,,,,,,,,,,
Dijkstra, Adjacency_List,151,5314,7.67447,150,78.184,,,,,,,,,,
Dijkstra, Adjacency_List,102,9666,15.8626,101,48.852,,,,,,,,,,
Dijkstra, Adjacency_List,171,5939,8.19509,170,83.595,,,,,,,,,,
Dijkstra, Adjacency_List,147,9999,22.4873,146,70.329,,,,,,,,,,
Dijkstra, Adjacency_List,127,10000,23.9985,126,56.814,,,,,,,,,,
Dijkstra, Adjacency_List,166,5713,7.78146,165,84.44,,,,,,,,,,
Dijkstra, Adjacency_List,191,4676,7.79127,190,91.8031,,,,,,,,,,
Dijkstra, Adjacency_List,154,2667,4.22851,153,74.41,,,,,,,,,,
Dijkstra, Adjacency_List,138,4484,6.82315,137,73.621,,,,,,,,,,
Dijkstra, Adjacency_List,41,306,0.43733,40,21.729,,,,,,,,,,
Dijkstra, Adjacency_List,120,3900,4.95739,119,55.904,,,,,,,,,,
Dijkstra, Adjacency_List,85,1243,1.4994,84,46.721,,,,,,,,,,
Dijkstra, Adjacency_List,107,9285,14.6222,106,52.857,,,,,,,,,,
Dijkstra, Adjacency_List,68,1025,1.27196,67,39.778,,,,,,,,,,
Dijkstra, Adjacency_List,374,7130,10.9926,373,178.735,,,,,,,,,,
Dijkstra, Adjacency_List,69,1311,1.52552,68,30.652,,,,,,,,,,
Dijkstra, Adjacency_List,98,9571,15.5812,97,44.239,,,,,,,,,,
Dijkstra, Adjacency_List,348,9996,20.8364,347,169.921,,,,,,,,,,
Dijkstra, Adjacency_List,355,4914,6.94881,354,170.816,,,,,,,,,,
Dijkstra, Adjacency_List,234,9988,19.8572,233,116.354,,,,,,,,,,
Dijkstra, Adjacency_List,77,10000,22.8574,76,35.439,,,,,,,,,,
Dijkstra, Adjacency_List,206,4166,5.87672,205,97.893,,,,,,,,,,
Dijkstra, Adjacency_List,344,8068,12.5754,343,164.398,,,,,,,,,,
Dijkstra, Adjacency_List,88,9976,19.0008,87,42.212,,,,,,,,,,
Dijkstra, Adjacency_List,21,146,0.212824,20,11.402,,,,,,,,,,
Dijkstra, Adjacency_List,195,10000,23.3711,194,93.887,,,,,,,,,,
Dijkstra, Adjacency_List,52,9544,15.3214,51,24.302,,,,,,,,,,
Dijkstra, Adjacency_List,59,6683,9.66487,58,26.335,,,,,,,,,,
Dijkstra, Adjacency_List,223,1954,2.78738,222,114.036,,,,,,,,,,
Dijkstra, Adjacency_List,119,1317,1.55022,118,59.488,,,,,,,,,,
Dijkstra, Adjacency_List,60,9307,14.8687,59,32.512,,,,,,,,,,
Dijkstra, Adjacency_List,131,9987,19.5756,130,66.129,,,,,,,,,,
Dijkstra, Adjacency_List,106,1499,1.76712,105,56.627,,,,,,,,,,
Dijkstra, Adjacency_List,128,3828,5.31079,127,65.844,,,,,,,,,,
Dijkstra, Adjacency_List,571,10000,22.1362,570,279.285,,,,,,,,,,
Dijkstra, Adjacency_List,290,7398,11.3292,289,137.326,,,,,,,,,,
Dijkstra, Adjacency_List,93,1155,1.33367,92,43.011,,,,,,,,,,
Dijkstra, Adjacency_List,201,8580,13.4985,200,97.672,,,,,,,,,,
Dijkstra, Adjacency_List,205,9775,16.6691,204,98.748,,,,,,,,,,
Dijkstra, Adjacency_List,369,5148,7.41884,368,177.783,,,,,,,,,,
Dijkstra, Adjacency_List,425,9963,18.6902,424,204.528,,,,,,,,,,
Dijkstra, Adjacency_List,196,7948,11.9187,195,90.214,,,,,,,,,,
Dijkstra, Adjacency_List,164,4731,7.73049,163,78.388,,,,,,,,,,
Dijkstra, Adjacency_List,217,10000,22.6248,216,105.176,,,,,,,,,,
Dijkstra, Adjacency_List,552,7748,11.6219,551,272.323,,,,,,,,,,
Dijkstra, Adjacency_List,291,7138,10.6268,290,140.332,,,,,,,,,,
Dijkstra, Adjacency_List,123,9788,16.2668,122,62.551,,,,,,,,,,
Dijkstra, Adjacency_List,181,9997,19.8514,180,90.102,,,,,,,,,,
Dijkstra, Adjacency_List,463,5653,8.03289,462,224.658,,,,,,,,,,
Dijkstra, Adjacency_List,172,3621,5.75927,171,86.505,,,,,,,,,,
Dijkstra, Adjacency_List,132,9997,20.0152,131,66.124,,,,,,,,,,
Dijkstra, Adjacency_List,110,3149,3.35864,109,54.231,,,,,,,,,,
Dijkstra, Adjacency_List,274,4664,6.82264,273,140.431,,,,,,,,,,
Dijkstra, Adjacency_List,153,4962,6.50399,152,74.805,,,,,,,,,,
Dijkstra, Adjacency_List,284,9470,14.5138,283,146.619,,,,,,,,,,
Dijkstra, Adjacency_List,217,9943,17.2516,216,108.356,,,,,,,,,,
Dijkstra, Adjacency_List,105,2668,4.3152,104,53.335,,,,,,,,,,
Dijkstra, Adjacency_List,130,9552,14.9455,129,71.175,,,,,,,,,,
Dijkstra, Adjacency_List,206,9994,19.598,205,104.797,,,,,,,,,,
Dijkstra, Adjacency_List,317,5788,8.79639,316,161.306,,,,,,,,,,
Dijkstra, Adjacency_List,238,9192,13.7128,237,115.046,,,,,,,,,,
Dijkstra, Adjacency_List,433,7149,10.8942,432,209.081,,,,,,,,,,
Dijkstra, Adjacency_List,88,1921,2.40734,87,41.824,,,,,,,,,,
Dijkstra, Adjacency_List,255,4804,7.8183,254,118.279,,,,,,,,,,
Dijkstra, Adjacency_List,157,4706,6.27069,156,74.159,,,,,,,,,,
Dijkstra, Adjacency_List,207.2273758,6432.972789,10.96477601,206.2273758,101.8650485,,,,,,,,,,
Iterative_BFS, Adjacency_List,111,8469,11.7239,110,0,,,,,,,,,,
Iterative_BFS, Adjacency_List,37,2732,3.61258,36,0,,,,,,,,,,
Iterative_BFS, Adjacency_List,80,5996,8.27614,79,0,,,,,,,,,,
Iterative_BFS, Adjacency_List,100,7950,11.1138,99,0,,,,,,,,,,
Iterative_BFS, Adjacency_List,28,1519,1.96781,27,0,,,,,,,,,,
Iterative_BFS, Adjacency_List,65,4526,6.14668,64,0,,,,,,,,,,
Iterative_BFS, Adjacency_List,91,8063,11.3169,90,0,,,,,,,,,,
Iterative_BFS, Adjacency_List,126,9301,12.0902,125,0,,,,,,,,,,
Iterative_BFS, Adjacency_List,64,3882,4.86645,63,0,,,,,,,,,,
Iterative_BFS, Adjacency_List,16,535,0.603637,15,0,,,,,,,,,,
Iterative_BFS, Adjacency_List,111,8345,11.0676,110,0,,,,,,,,,,
Iterative_BFS, Adjacency_List,90,6591,8.60447,89,0,,,,,,,,,,
Iterative_BFS, Adjacency_List,32,823,0.937506,31,0,,,,,,,,,,
Iterative_BFS, Adjacency_List,19,736,0.874888,18,0,,,,,,,,,,
Iterative_BFS, Adjacency_List,79,4701,6.12204,78,0,,,,,,,,,,
Iterative_BFS, Adjacency_List,59,6537,8.52833,58,0,,,,,,,,,,
Iterative_BFS, Adjacency_List,66,6744,8.80843,65,0,,,,,,,,,,
Iterative_BFS, Adjacency_List,139,9934,13.5803,138,0,,,,,,,,,,
Iterative_BFS, Adjacency_List,39,3039,3.81447,38,0,,,,,,,,,,
Iterative_BFS, Adjacency_List,88,8750,11.5899,87,0,,,,,,,,,,
Iterative_BFS, Adjacency_List,58,2545,3.27126,57,0,,,,,,,,,,
Iterative_BFS, Adjacency_List,22,868,0.974134,21,0,,,,,,,,,,
Iterative_BFS, Adjacency_List,40,2715,3.48429,39,0,,,,,,,,,,
Iterative_BFS, Adjacency_List,57,6169,8.02184,56,0,,,,,,,,,,
Iterative_BFS, Adjacency_List,30,1629,2.04914,29,0,,,,,,,,,,
Iterative_BFS, Adjacency_List,25,1272,1.52246,24,0,,,,,,,,,,
Iterative_BFS, Adjacency_List,7,100,0.092008,6,0,,,,,,,,,,
Iterative_BFS, Adjacency_List,51,2576,3.07292,50,0,,,,,,,,,,
Iterative_BFS, Adjacency_List,29,1414,1.78827,28,0,,,,,,,,,,
Iterative_BFS, Adjacency_List,118,9601,12.6868,117,0,,,,,,,,,,
Iterative_BFS, Adjacency_List,27,1356,1.57815,26,0,,,,,,,,,,
Iterative_BFS, Adjacency_List,52,2869,3.52284,51,0,,,,,,,,,,
Iterative_BFS, Adjacency_List,84,4616,5.77273,83,0,,,,,,,,,,
Iterative_BFS, Adjacency_List,4,31,0.0248159,3,0,,,,,,,,,,
Iterative_BFS, Adjacency_List,83,6323,8.27671,82,0,,,,,,,,,,
Iterative_BFS, Adjacency_List,78,7854,10.3774,77,0,,,,,,,,,,
Iterative_BFS, Adjacency_List,71,5496,7.13638,70,0,,,,,,,,,,
Iterative_BFS, Adjacency_List,31,1931,2.325,30,0,,,,,,,,,,
Iterative_BFS, Adjacency_List,45,2528,3.14168,44,0,,,,,,,,,,
Iterative_BFS, Adjacency_List,54,3457,4.34224,53,0,,,,,,,,,,
Iterative_BFS, Adjacency_List,77,5093,6.65739,76,0,,,,,,,,,,
Iterative_BFS, Adjacency_List,90,7974,10.6041,89,0,,,,,,,,,,
Iterative_BFS, Adjacency_List,86,7291,9.52342,85,0,,,,,,,,,,
Iterative_BFS, Adjacency_List,35,2506,3.08452,34,0,,,,,,,,,,
Iterative_BFS, Adjacency_List,48,4263,5.37651,47,0,,,,,,,,,,
Iterative_BFS, Adjacency_List,51,4676,6.09558,50,0,,,,,,,,,,
Iterative_BFS, Adjacency_List,37,2572,3.16573,36,0,,,,,,,,,,
Iterative_BFS, Adjacency_List,42,3433,4.31078,41,0,,,,,,,,,,
Iterative_BFS, Adjacency_List,106,9212,12.2902,105,0,,,,,,,,,,
Iterative_BFS, Adjacency_List,49,4088,5.08626,48,0,,,,,,,,,,
Iterative_BFS, Adjacency_List,56,5634,7.23335,55,0,,,,,,,,,,
Iterative_BFS, Adjacency_List,70,8012,10.6074,69,0,,,,,,,,,,
Iterative_BFS, Adjacency_List,99,7378,9.6735,98,0,,,,,,,,,,
Iterative_BFS, Adjacency_List,88,8313,11.0021,87,0,,,,,,,,,,
Iterative_BFS, Adjacency_List,21,886,0.99262,20,0,,,,,,,,,,
Iterative_BFS, Adjacency_List,62,5807,7.51168,61,0,,,,,,,,,,
Iterative_BFS, Adjacency_List,70,6335,8.25473,69,0,,,,,,,,,,
Iterative_BFS, Adjacency_List,46,3892,4.97488,45,0,,,,,,,,,,
Iterative_BFS, Adjacency_List,17,554,0.640444,16,0,,,,,,,,,,
Iterative_BFS, Adjacency_List,101,7850,10.3234,100,0,,,,,,,,,,
Iterative_BFS, Adjacency_List,12,275,0.290771,11,0,,,,,,,,,,
Iterative_BFS, Adjacency_List,31,1428,1.80277,30,0,,,,,,,,,,
Iterative_BFS, Adjacency_List,37,2604,3.1185,36,0,,,,,,,,,,
Iterative_BFS, Adjacency_List,39,3092,3.76346,38,0,,,,,,,,,,
Iterative_BFS, Adjacency_List,42,3385,4.17031,41,0,,,,,,,,,,
Iterative_BFS, Adjacency_List,63,6204,8.15857,62,0,,,,,,,,,,
Iterative_BFS, Adjacency_List,70,7269,9.57416,69,0,,,,,,,,,,
Iterative_BFS, Adjacency_List,42,3442,4.23913,41,0,,,,,,,,,,
Iterative_BFS, Adjacency_List,95,6214,7.99152,94,0,,,,,,,,,,
Iterative_BFS, Adjacency_List,98,7058,9.28895,97,0,,,,,,,,,,
Iterative_BFS, Adjacency_List,63,7080,9.25043,62,0,,,,,,,,,,
Iterative_BFS, Adjacency_List,105,9466,12.3557,104,0,,,,,,,,,,
Iterative_BFS, Adjacency_List,77,8909,11.8524,76,0,,,,,,,,,,
Iterative_BFS, Adjacency_List,125,9095,12.2357,124,0,,,,,,,,,,
Iterative_BFS, Adjacency_List,111,9641,13.0536,110,0,,,,,,,,,,
Iterative_BFS, Adjacency_List,40,2863,3.62629,39,0,,,,,,,,,,
Iterative_BFS, Adjacency_List,70,4439,5.73373,69,0,,,,,,,,,,
Iterative_BFS, Adjacency_List,83,6982,9.16446,82,0,,,,,,,,,,
Iterative_BFS, Adjacency_List,108,6605,8.4969,107,0,,,,,,,,,,
Iterative_BFS, Adjacency_List,79,6459,8.44306,78,0,,,,,,,,,,
Iterative_BFS, Adjacency_List,61,3956,5.09906,60,0,,,,,,,,,,
Iterative_BFS, Adjacency_List,85,7492,9.84127,84,0,,,,,,,,,,
Iterative_BFS, Adjacency_List,85,7562,9.96342,84,0,,,,,,,,,,
Iterative_BFS, Adjacency_List,90,6290,8.22296,89,0,,,,,,,,,,
Iterative_BFS, Adjacency_List,56,3173,3.9324,55,0,,,,,,,,,,
Iterative_BFS, Adjacency_List,62,2559,3.07821,61,0,,,,,,,,,,
Iterative_BFS, Adjacency_List,138,9545,12.4754,137,0,,,,,,,,,,
Iterative_BFS, Adjacency_List,81,5920,7.67656,80,0,,,,,,,,,,
Iterative_BFS, Adjacency_List,94,9157,12.0194,93,0,,,,,,,,,,
Iterative_BFS, Adjacency_List,69,4386,5.70518,68,0,,,,,,,,,,
Iterative_BFS, Adjacency_List,83,6437,8.38762,82,0,,,,,,,,,,
Iterative_BFS, Adjacency_List,66,4141,5.0878,65,0,,,,,,,,,,
Iterative_BFS, Adjacency_List,36,2320,2.91248,35,0,,,,,,,,,,
Iterative_BFS, Adjacency_List,121,8816,11.7093,120,0,,,,,,,,,,
Iterative_BFS, Adjacency_List,118,9338,12.256,117,0,,,,,,,,,,
Iterative_BFS, Adjacency_List,77,7766,10.277,76,0,,,,,,,,,,
Iterative_BFS, Adjacency_List,58,6408,8.26435,57,0,,,,,,,,,,
Iterative_BFS, Adjacency_List,69,4257,5.50462,68,0,,,,,,,,,,
Iterative_BFS, Adjacency_List,31,1536,1.84882,30,0,,,,,,,,,,
Iterative_BFS, Adjacency_List,69,5220,6.67974,68,0,,,,,,,,,,
Iterative_DFS, Adjacency_List,1003,1003,1.39738,1002,0,,,,,,,,,,
Iterative_DFS, Adjacency_List,3701,3701,5.12552,3700,0,,,,,,,,,,
Iterative_DFS, Adjacency_List,4342,4342,5.98811,4341,0,,,,,,,,,,
Iterative_DFS, Adjacency_List,2504,2504,3.36118,2503,0,,,,,,,,,,
Iterative_DFS, Adjacency_List,5498,5498,7.52899,5497,0,,,,,,,,,,
Iterative_DFS, Adjacency_List,1775,1775,2.48124,1774,0,,,,,,,,,,
Iterative_DFS, Adjacency_List,3907,3907,5.37289,3906,0,,,,,,,,,,
Iterative_DFS, Adjacency_List,9508,9509,12.0528,9507,0,,,,,,,,,,
Iterative_DFS, Adjacency_List,8074,8074,10.3243,8073,0,,,,,,,,,,
Iterative_DFS, Adjacency_List,3356,3356,4.38568,3355,0,,,,,,,,,,
Iterative_DFS, Adjacency_List,5555,5555,7.21052,5554,0,,,,,,,,,,
Iterative_DFS, Adjacency_List,9854,9854,12.4645,9853,0,,,,,,,,,,
Iterative_DFS, Adjacency_List,7824,7824,10.0405,7823,0,,,,,,,,,,
Iterative_DFS, Adjacency_List,2483,2483,3.27087,2482,0,,,,,,,,,,
Iterative_DFS, Adjacency_List,89,89,0.0992673,88,0,,,,,,,,,,
Iterative_DFS, Adjacency_List,8215,8215,10.5017,8214,0,,,,,,,,,,
Iterative_DFS, Adjacency_List,8524,8524,10.8662,8523,0,,,,,,,,,,
Iterative_DFS, Adjacency_List,2743,2743,3.48383,2742,0,,,,,,,,,,
Iterative_DFS, Adjacency_List,1229,1229,1.61099,1228,0,,,,,,,,,,
Iterative_DFS, Adjacency_List,100,100,0.118252,99,0,,,,,,,,,,
Iterative_DFS, Adjacency_List,6188,6189,8.01249,6187,0,,,,,,,,,,
Iterative_DFS, Adjacency_List,9622,9622,12.1845,9621,0,,,,,,,,,,
Iterative_DFS, Adjacency_List,5290,5290,6.87902,5289,0,,,,,,,,,,
Iterative_DFS, Adjacency_List,3909,3909,5.10741,3908,0,,,,,,,,,,
Iterative_DFS, Adjacency_List,3090,3090,4.07231,3089,0,,,,,,,,,,
Iterative_DFS, Adjacency_List,3587,3587,4.69782,3586,0,,,,,,,,,,
Iterative_DFS, Adjacency_List,7359,7359,9.45352,7358,0,,,,,,,,,,
Iterative_DFS, Adjacency_List,4543,4543,5.84639,4542,0,,,,,,,,,,
Iterative_DFS, Adjacency_List,183,183,0.22763,182,0,,,,,,,,,,
Iterative_DFS, Adjacency_List,9278,9279,11.7893,9277,0,,,,,,,,,,
Iterative_DFS, Adjacency_List,5869,5869,7.57322,5868,0,,,,,,,,,,
Iterative_DFS, Adjacency_List,8156,8156,10.4208,8155,0,,,,,,,,,,
Iterative_DFS, Adjacency_List,9906,9906,12.5183,9905,0,,,,,,,,,,
Iterative_DFS, Adjacency_List,602,602,0.792211,601,0,,,,,,,,,,
Iterative_DFS, Adjacency_List,7351,7351,9.44699,7350,0,,,,,,,,,,
Iterative_DFS, Adjacency_List,6194,6194,8.02601,6193,0,,,,,,,,,,
Iterative_DFS, Adjacency_List,3391,3391,4.45029,3390,0,,,,,,,,,,
Iterative_DFS, Adjacency_List,4991,4991,6.50044,4990,0,,,,,,,,,,
Iterative_DFS, Adjacency_List,8801,8802,11.2122,8800,0,,,,,,,,,,
Iterative_DFS, Adjacency_List,6468,6468,8.35876,6467,0,,,,,,,,,,
Iterative_DFS, Adjacency_List,7377,7377,9.49677,7376,0,,,,,,,,,,
Iterative_DFS, Adjacency_List,1082,1082,1.38568,1081,0,,,,,,,,,,
Iterative_DFS, Adjacency_List,8160,8160,10.4362,8159,0,,,,,,,,,,
Iterative_DFS, Adjacency_List,919,919,1.20822,918,0,,,,,,,,,,
Iterative_DFS, Adjacency_List,5442,5442,7.0685,5441,0,,,,,,,,,,
Iterative_DFS, Adjacency_List,7561,7561,9.70543,7560,0,,,,,,,,,,
Iterative_DFS, Adjacency_List,8623,8624,10.9998,8622,0,,,,,,,,,,
Iterative_DFS, Adjacency_List,8438,8439,10.767,8437,0,,,,,,,,,,
Iterative_DFS, Adjacency_List,7918,7918,10.1356,7917,0,,,,,,,,,,
Iterative_DFS, Adjacency_List,2463,2463,3.23864,2462,0,,,,,,,,,,
Iterative_DFS, Adjacency_List,8816,8816,11.2599,8815,0,,,,,,,,,,
Iterative_DFS, Adjacency_List,276,276,0.355059,275,0,,,,,,,,,,
Iterative_DFS, Adjacency_List,99,99,0.123924,98,0,,,,,,,,,,
Iterative_DFS, Adjacency_List,7734,7734,9.92869,7733,0,,,,,,,,,,
Iterative_DFS, Adjacency_List,2073,2073,2.65246,2072,0,,,,,,,,,,
Iterative_DFS, Adjacency_List,1010,1010,1.33234,1009,0,,,,,,,,,,
Iterative_DFS, Adjacency_List,734,734,0.965581,733,0,,,,,,,,,,
Iterative_DFS, Adjacency_List,4162,4162,5.4501,4161,0,,,,,,,,,,
Iterative_DFS, Adjacency_List,4409,4409,5.76217,4408,0,,,,,,,,,,
Iterative_DFS, Adjacency_List,3555,3555,4.66453,3554,0,,,,,,,,,,
Iterative_DFS, Adjacency_List,6630,6630,8.56525,6629,0,,,,,,,,,,
Iterative_DFS, Adjacency_List,1381,1381,1.82049,1380,0,,,,,,,,,,
Iterative_DFS, Adjacency_List,2377,2377,3.09374,2376,0,,,,,,,,,,
Iterative_DFS, Adjacency_List,2019,2019,2.63774,2018,0,,,,,,,,,,
Iterative_DFS, Adjacency_List,7934,7934,10.1671,7933,0,,,,,,,,,,
Iterative_DFS, Adjacency_List,8851,8851,11.2717,8850,0,,,,,,,,,,
Iterative_DFS, Adjacency_List,8224,8225,10.5141,8223,0,,,,,,,,,,
Iterative_DFS, Adjacency_List,6570,6570,8.48649,6569,0,,,,,,,,,,
Iterative_DFS, Adjacency_List,9891,9892,12.5217,9890,0,,,,,,,,,,
Iterative_DFS, Adjacency_List,8638,8638,11.0149,8637,0,,,,,,,,,,
Iterative_DFS, Adjacency_List,7685,7685,9.85901,7684,0,,,,,,,,,,
Iterative_DFS, Adjacency_List,9683,9684,12.2824,9682,0,,,,,,,,,,
Iterative_DFS, Adjacency_List,3387,3387,4.41831,3386,0,,,,,,,,,,
Iterative_DFS, Adjacency_List,307,307,0.387221,306,0,,,,,,,,,,
Iterative_DFS, Adjacency_List,1217,1217,1.60746,1216,0,,,,,,,,,,
Iterative_DFS, Adjacency_List,5038,5038,6.56945,5037,0,,,,,,,,,,
Iterative_DFS, Adjacency_List,6970,6970,8.98565,6969,0,,,,,,,,,,
Iterative_DFS, Adjacency_List,779,779,1.0247,778,0,,,,,,,,,,
Iterative_DFS, Adjacency_List,7508,7508,9.64107,7507,0,,,,,,,,,,
Iterative_DFS, Adjacency_List,8345,8345,10.6604,8344,0,,,,,,,,,,
Iterative_DFS, Adjacency_List,3659,3659,4.80109,3658,0,,,,,,,,,,
Iterative_DFS, Adjacency_List,9437,9438,11.9774,9436,0,,,,,,,,,,
Iterative_DFS, Adjacency_List,1887,1887,2.47532,1886,0,,,,,,,,,,
Iterative_DFS, Adjacency_List,5982,5982,7.75731,5981,0,,,,,,,,,,
Iterative_DFS, Adjacency_List,5544,5544,7.22774,5543,0,,,,,,,,,,
Iterative_DFS, Adjacency_List,9226,9226,11.7186,9225,0,,,,,,,,,,
Iterative_DFS, Adjacency_List,8980,8980,11.4281,8979,0,,,,,,,,,,
Iterative_DFS, Adjacency_List,5931,5931,7.6932,5930,0,,,,,,,,,,
Iterative_DFS, Adjacency_List,6894,6894,8.90538,6893,0,,,,,,,,,,
Iterative_DFS, Adjacency_List,5497,5497,7.14702,5496,0,,,,,,,,,,
Iterative_DFS, Adjacency_List,5319,5319,6.92277,5318,0,,,,,,,,,,
Iterative_DFS, Adjacency_List,3826,3826,4.89533,3825,0,,,,,,,,,,
Iterative_DFS, Adjacency_List,1676,1676,2.21454,1675,0,,,,,,,,,,
Iterative_DFS, Adjacency_List,6289,6289,8.14085,6288,0,,,,,,,,,,
Iterative_DFS, Adjacency_List,9532,9533,12.0918,9531,0,,,,,,,,,,
Iterative_DFS, Adjacency_List,3691,3691,4.81432,3690,0,,,,,,,,,,
Iterative_DFS, Adjacency_List,7488,7488,9.62803,7487,0,,,,,,,,,,
Iterative_DFS, Adjacency_List,7579,7579,9.73237,7578,0,,,,,,,,,,
Iterative_DFS, Adjacency_List,3077,3077,4.04866,3076,0,,,,,,,,,,
Iterative_DFS, Adjacency_List,417,417,0.535963,416,0,,,,,,,,,,
Recursive_BFS, Adjacency_List,111,8469,11.8664,110,0,,,,,,,,,,
Recursive_BFS, Adjacency_List,37,2732,3.62101,36,0,,,,,,,,,,
Recursive_BFS, Adjacency_List,80,5996,8.3028,79,0,,,,,,,,,,
Recursive_BFS, Adjacency_List,100,7950,11.1686,99,0,,,,,,,,,,
Recursive_BFS, Adjacency_List,28,1519,1.97184,27,0,,,,,,,,,,
Recursive_BFS, Adjacency_List,65,4526,6.1607,64,0,,,,,,,,,,
Recursive_BFS, Adjacency_List,91,8063,11.3528,90,0,,,,,,,,,,
Recursive_BFS, Adjacency_List,126,9301,12.1078,125,0,,,,,,,,,,
Recursive_BFS, Adjacency_List,64,3882,4.87821,63,0,,,,,,,,,,
Recursive_BFS, Adjacency_List,16,535,0.602912,15,0,,,,,,,,,,
Recursive_BFS, Adjacency_List,111,8345,11.0845,110,0,,,,,,,,,,
Recursive_BFS, Adjacency_List,90,6591,8.62997,89,0,,,,,,,,,,
Recursive_BFS, Adjacency_List,32,823,0.937871,31,0,,,,,,,,,,
Recursive_BFS, Adjacency_List,19,736,0.875042,18,0,,,,,,,,,,
Recursive_BFS, Adjacency_List,79,4701,6.12791,78,0,,,,,,,,,,
Recursive_BFS, Adjacency_List,59,6537,8.54368,58,0,,,,,,,,,,
Recursive_BFS, Adjacency_List,66,6744,8.83319,65,0,,,,,,,,,,
Recursive_BFS, Adjacency_List,139,9934,13.6198,138,0,,,,,,,,,,
Recursive_BFS, Adjacency_List,39,3039,3.81332,38,0,,,,,,,,,,
Recursive_BFS, Adjacency_List,88,8750,11.6204,87,0,,,,,,,,,,
Recursive_BFS, Adjacency_List,58,2545,3.27118,57,0,,,,,,,,,,
Recursive_BFS, Adjacency_List,22,868,0.975628,21,0,,,,,,,,,,
Recursive_BFS, Adjacency_List,40,2715,3.48731,39,0,,,,,,,,,,
Recursive_BFS, Adjacency_List,57,6169,8.02529,56,0,,,,,,,,,,
Recursive_BFS, Adjacency_List,30,1629,2.05111,29,0,,,,,,,,,,
Recursive_BFS, Adjacency_List,25,1272,1.52227,24,0,,,,,,,,,,
Recursive_BFS, Adjacency_List,7,100,0.0915384,6,0,,,,,,,,,,
Recursive_BFS, Adjacency_List,51,2576,3.08361,50,0,,,,,,,,,,
Recursive_BFS, Adjacency_List,29,1414,1.79033,28,0,,,,,,,,,,
Recursive_BFS, Adjacency_List,118,9601,12.7206,117,0,,,,,,,,,,
Recursive_BFS, Adjacency_List,27,1356,1.58171,26,0,,,,,,,,,,
Recursive_BFS, Adjacency_List,52,2869,3.53253,51,0,,,,,,,,,,
Recursive_BFS, Adjacency_List,84,4616,5.77565,83,0,,,,,,,,,,
Recursive_BFS, Adjacency_List,4,31,0.0246454,3,0,,,,,,,,,,
Recursive_BFS, Adjacency_List,83,6323,8.27836,82,0,,,,,,,,,,
Recursive_BFS, Adjacency_List,78,7854,10.3892,77,0,,,,,,,,,,
Recursive_BFS, Adjacency_List,71,5496,7.14326,70,0,,,,,,,,,,
Recursive_BFS, Adjacency_List,31,1931,2.32659,30,0,,,,,,,,,,
Recursive_BFS, Adjacency_List,45,2528,3.14245,44,0,,,,,,,,,,
Recursive_BFS, Adjacency_List,54,3457,4.34832,53,0,,,,,,,,,,
Recursive_BFS, Adjacency_List,77,5093,6.6639,76,0,,,,,,,,,,
Recursive_BFS, Adjacency_List,90,7974,10.6277,89,0,,,,,,,,,,
Recursive_BFS, Adjacency_List,86,7291,9.53256,85,0,,,,,,,,,,
Recursive_BFS, Adjacency_List,35,2506,3.08755,34,0,,,,,,,,,,
Recursive_BFS, Adjacency_List,48,4263,5.37434,47,0,,,,,,,,,,
Recursive_BFS, Adjacency_List,51,4676,6.097,50,0,,,,,,,,,,
Recursive_BFS, Adjacency_List,37,2572,3.16914,36,0,,,,,,,,,,
Recursive_BFS, Adjacency_List,42,3433,4.31229,41,0,,,,,,,,,,
Recursive_BFS, Adjacency_List,106,9212,12.3292,105,0,,,,,,,,,,
Recursive_BFS, Adjacency_List,49,4088,5.10419,48,0,,,,,,,,,,
Recursive_BFS, Adjacency_List,56,5634,7.24148,55,0,,,,,,,,,,
Recursive_BFS, Adjacency_List,70,8012,10.6152,69,0,,,,,,,,,,
Recursive_BFS, Adjacency_List,99,7378,9.68244,98,0,,,,,,,,,,
Recursive_BFS, Adjacency_List,88,8313,11.0387,87,0,,,,,,,,,,
Recursive_BFS, Adjacency_List,21,886,0.994677,20,0,,,,,,,,,,
Recursive_BFS, Adjacency_List,62,5807,7.53691,61,0,,,,,,,,,,
Recursive_BFS, Adjacency_List,70,6335,8.27163,69,0,,,,,,,,,,
Recursive_BFS, Adjacency_List,46,3892,4.98096,45,0,,,,,,,,,,
Recursive_BFS, Adjacency_List,17,554,0.640689,16,0,,,,,,,,,,
Recursive_BFS, Adjacency_List,101,7850,10.3399,100,0,,,,,,,,,,
Recursive_BFS, Adjacency_List,12,275,0.290183,11,0,,,,,,,,,,
Recursive_BFS, Adjacency_List,31,1428,1.80378,30,0,,,,,,,,,,
Recursive_BFS, Adjacency_List,37,2604,3.12648,36,0,,,,,,,,,,
Recursive_BFS, Adjacency_List,39,3092,3.77109,38,0,,,,,,,,,,
Recursive_BFS, Adjacency_List,42,3385,4.17713,41,0,,,,,,,,,,
Recursive_BFS, Adjacency_List,63,6204,8.15345,62,0,,,,,,,,,,
Recursive_BFS, Adjacency_List,70,7269,9.57979,69,0,,,,,,,,,,
Recursive_BFS, Adjacency_List,42,3442,4.24688,41,0,,,,,,,,,,
Recursive_BFS, Adjacency_List,95,6214,8.02253,94,0,,,,,,,,,,
Recursive_BFS, Adjacency_List,98,7058,9.29266,97,0,,,,,,,,,,
Recursive_BFS, Adjacency_List,63,7080,9.26046,62,0,,,,,,,,,,
Recursive_BFS, Adjacency_List,105,9466,12.38,104,0,,,,,,,,,,
Recursive_BFS, Adjacency_List,77,8909,11.8958,76,0,,,,,,,,,,
Recursive_BFS, Adjacency_List,125,9095,12.2691,124,0,,,,,,,,,,
Recursive_BFS, Adjacency_List,111,9641,13.0728,110,0,,,,,,,,,,
Recursive_BFS, Adjacency_List,40,2863,3.6301,39,0,,,,,,,,,,
Recursive_BFS, Adjacency_List,70,4439,5.73695,69,0,,,,,,,,,,
Recursive_BFS, Adjacency_List,83,6982,9.1827,82,0,,,,,,,,,,
Recursive_BFS, Adjacency_List,108,6605,8.50842,107,0,,,,,,,,,,
Recursive_BFS, Adjacency_List,79,6459,8.45892,78,0,,,,,,,,,,
Recursive_BFS, Adjacency_List,61,3956,5.10385,60,0,,,,,,,,,,
Recursive_BFS, Adjacency_List,85,7492,9.85847,84,0,,,,,,,,,,
Recursive_BFS, Adjacency_List,85,7562,9.99273,84,0,,,,,,,,,,
Recursive_BFS, Adjacency_List,90,6290,8.22346,89,0,,,,,,,,,,
Recursive_BFS, Adjacency_List,56,3173,3.94106,55,0,,,,,,,,,,
Recursive_BFS, Adjacency_List,62,2559,3.08461,61,0,,,,,,,,,,
Recursive_BFS, Adjacency_List,138,9545,12.4903,137,0,,,,,,,,,,
Recursive_BFS, Adjacency_List,81,5920,7.67724,80,0,,,,,,,,,,
Recursive_BFS, Adjacency_List,94,9157,12.0325,93,0,,,,,,,,,,
Recursive_BFS, Adjacency_List,69,4386,5.70916,68,0,,,,,,,,,,
Recursive_BFS, Adjacency_List,83,6437,8.39465,82,0,,,,,,,,,,
Recursive_BFS, Adjacency_List,66,4141,5.1008,65,0,,,,,,,,,,
Recursive_BFS, Adjacency_List,36,2320,2.91471,35,0,,,,,,,,,,
Recursive_BFS, Adjacency_List,121,8816,11.7289,120,0,,,,,,,,,,
Recursive_BFS, Adjacency_List,118,9338,12.2838,117,0,,,,,,,,,,
Recursive_BFS, Adjacency_List,77,7766,10.3054,76,0,,,,,,,,,,
Recursive_BFS, Adjacency_List,58,6408,8.28629,57,0,,,,,,,,,,
Recursive_BFS, Adjacency_List,69,4257,5.50633,68,0,,,,,,,,,,
Recursive_BFS, Adjacency_List,31,1536,1.85036,30,0,,,,,,,,,,
Recursive_BFS, Adjacency_List,69,5220,6.69696,68,0,,,,,,,,,,
Recursive_DFS, Adjacency_List,1003,1003,1.24061,1002,0,,,,,,,,,,
Recursive_DFS, Adjacency_List,3701,3701,4.59681,3700,0,,,,,,,,,,
Recursive_DFS, Adjacency_List,4342,4342,5.39807,4341,0,,,,,,,,,,
Recursive_DFS, Adjacency_List,2504,2504,3.08904,2503,0,,,,,,,,,,
Recursive_DFS, Adjacency_List,5498,5498,6.83953,5497,0,,,,,,,,,,
Recursive_DFS, Adjacency_List,1775,1775,2.19689,1774,0,,,,,,,,,,
Recursive_DFS, Adjacency_List,3907,3907,4.84688,3906,0,,,,,,,,,,
Recursive_DFS, Adjacency_List,9508,9509,11.2839,9507,0,,,,,,,,,,
Recursive_DFS, Adjacency_List,8074,8074,9.57567,8073,0,,,,,,,,,,
Recursive_DFS, Adjacency_List,3356,3356,3.97872,3355,0,,,,,,,,,,
Recursive_DFS, Adjacency_List,5555,5555,6.57655,5554,0,,,,,,,,,,
Recursive_DFS, Adjacency_List,9854,9854,11.6958,9853,0,,,,,,,,,,
Recursive_DFS, Adjacency_List,7824,7824,9.27347,7823,0,,,,,,,,,,
Recursive_DFS, Adjacency_List,2483,2483,2.93073,2482,0,,,,,,,,,,
Recursive_DFS, Adjacency_List,89,89,0.0852312,88,0,,,,,,,,,,
Recursive_DFS, Adjacency_List,8215,8215,9.76113,8214,0,,,,,,,,,,
Recursive_DFS, Adjacency_List,8524,8524,10.1118,8523,0,,,,,,,,,,
Recursive_DFS, Adjacency_List,2743,2743,3.23355,2742,0,,,,,,,,,,
Recursive_DFS, Adjacency_List,1229,1229,1.46155,1228,0,,,,,,,,,,
Recursive_DFS, Adjacency_List,100,100,0.10266,99,0,,,,,,,,,,
Recursive_DFS, Adjacency_List,6188,6189,7.34781,6187,0,,,,,,,,,,
Recursive_DFS, Adjacency_List,9622,9622,11.4245,9621,0,,,,,,,,,,
Recursive_DFS, Adjacency_List,5290,5290,6.26956,5289,0,,,,,,,,,,
Recursive_DFS, Adjacency_List,3909,3909,4.62628,3908,0,,,,,,,,,,
Recursive_DFS, Adjacency_List,3090,3090,3.6503,3089,0,,,,,,,,,,
Recursive_DFS, Adjacency_List,3587,3587,4.24326,3586,0,,,,,,,,,,
Recursive_DFS, Adjacency_List,7359,7359,8.72328,7358,0,,,,,,,,,,
Recursive_DFS, Adjacency_List,4543,4543,5.39108,4542,0,,,,,,,,,,
Recursive_DFS, Adjacency_List,183,183,0.198337,182,0,,,,,,,,,,
Recursive_DFS, Adjacency_List,9278,9279,11.0098,9277,0,,,,,,,,,,
Recursive_DFS, Adjacency_List,5869,5869,6.97382,5868,0,,,,,,,,,,
Recursive_DFS, Adjacency_List,8156,8156,9.68929,8155,0,,,,,,,,,,
Recursive_DFS, Adjacency_List,9906,9906,11.7682,9905,0,,,,,,,,,,
Recursive_DFS, Adjacency_List,602,602,0.701267,601,0,,,,,,,,,,
Recursive_DFS, Adjacency_List,7351,7351,8.71637,7350,0,,,,,,,,,,
Recursive_DFS, Adjacency_List,6194,6194,7.34355,6193,0,,,,,,,,,,
Recursive_DFS, Adjacency_List,3391,3391,4.02811,3390,0,,,,,,,,,,
Recursive_DFS, Adjacency_List,4991,4991,5.91132,4990,0,,,,,,,,,,
Recursive_DFS, Adjacency_List,8801,8802,10.4453,8800,0,,,,,,,,,,
Recursive_DFS, Adjacency_List,6468,6468,7.68257,6467,0,,,,,,,,,,
Recursive_DFS, Adjacency_List,7377,7377,8.74946,7376,0,,,,,,,,,,
Recursive_DFS, Adjacency_List,1082,1082,1.26544,1081,0,,,,,,,,,,
Recursive_DFS, Adjacency_List,8160,8160,9.69453,8159,0,,,,,,,,,,
Recursive_DFS, Adjacency_List,919,919,1.08387,918,0,,,,,,,,,,
Recursive_DFS, Adjacency_List,5442,5442,6.45578,5441,0,,,,,,,,,,
Recursive_DFS, Adjacency_List,7561,7561,8.98023,7560,0,,,,,,,,,,
Recursive_DFS, Adjacency_List,8623,8624,10.2345,8622,0,,,,,,,,,,
Recursive_DFS, Adjacency_List,8438,8439,10.0115,8437,0,,,,,,,,,,
Recursive_DFS, Adjacency_List,7918,7918,9.3905,7917,0,,,,,,,,,,
Recursive_DFS, Adjacency_List,2463,2463,2.91776,2462,0,,,,,,,,,,
Recursive_DFS, Adjacency_List,8816,8816,10.4674,8815,0,,,,,,,,,,
Recursive_DFS, Adjacency_List,276,276,0.313343,275,0,,,,,,,,,,
Recursive_DFS, Adjacency_List,99,99,0.111859,98,0,,,,,,,,,,
Recursive_DFS, Adjacency_List,7734,7734,9.17937,7733,0,,,,,,,,,,
Recursive_DFS, Adjacency_List,2073,2073,2.45244,2072,0,,,,,,,,,,
Recursive_DFS, Adjacency_List,1010,1010,1.18456,1009,0,,,,,,,,,,
Recursive_DFS, Adjacency_List,734,734,0.855556,733,0,,,,,,,,,,
Recursive_DFS, Adjacency_List,4162,4162,4.92762,4161,0,,,,,,,,,,
Recursive_DFS, Adjacency_List,4409,4409,5.22354,4408,0,,,,,,,,,,
Recursive_DFS, Adjacency_List,3555,3555,4.20235,3554,0,,,,,,,,,,
Recursive_DFS, Adjacency_List,6630,6630,7.86847,6629,0,,,,,,,,,,
Recursive_DFS, Adjacency_List,1381,1381,1.61882,1380,0,,,,,,,,,,
Recursive_DFS, Adjacency_List,2377,2377,2.81789,2376,0,,,,,,,,,,
Recursive_DFS, Adjacency_List,2019,2019,2.39184,2018,0,,,,,,,,,,
Recursive_DFS, Adjacency_List,7934,7934,9.41935,7933,0,,,,,,,,,,
Recursive_DFS, Adjacency_List,8851,8851,10.5106,8850,0,,,,,,,,,,
Recursive_DFS, Adjacency_List,8224,8225,9.7768,8223,0,,,,,,,,,,
Recursive_DFS, Adjacency_List,6570,6570,7.79413,6569,0,,,,,,,,,,
Recursive_DFS, Adjacency_List,9891,9892,11.7569,9890,0,,,,,,,,,,
Recursive_DFS, Adjacency_List,8638,8638,10.2576,8637,0,,,,,,,,,,
Recursive_DFS, Adjacency_List,7685,7685,9.12408,7684,0,,,,,,,,,,
Recursive_DFS, Adjacency_List,9683,9684,11.4999,9682,0,,,,,,,,,,
Recursive_DFS, Adjacency_List,3387,3387,4.00606,3386,0,,,,,,,,,,
Recursive_DFS, Adjacency_List,307,307,0.343045,306,0,,,,,,,,,,
Recursive_DFS, Adjacency_List,1217,1217,1.4321,1216,0,,,,,,,,,,
Recursive_DFS, Adjacency_List,5038,5038,5.97145,5037,0,,,,,,,,,,
Recursive_DFS, Adjacency_List,6970,6970,8.27331,6969,0,,,,,,,,,,
Recursive_DFS, Adjacency_List,779,779,0.907599,778,0,,,,,,,,,,
Recursive_DFS, Adjacency_List,7508,7508,8.90543,7507,0,,,,,,,,,,
Recursive_DFS, Adjacency_List,8345,8345,9.90939,8344,0,,,,,,,,,,
Recursive_DFS, Adjacency_List,3659,3659,4.33072,3658,0,,,,,,,,,,
Recursive_DFS, Adjacency_List,9437,9438,11.222,9436,0,,,,,,,,,,
Recursive_DFS, Adjacency_List,1887,1887,2.23305,1886,0,,,,,,,,,,
Recursive_DFS, Adjacency_List,5982,5982,7.0952,5981,0,,,,,,,,,,
Recursive_DFS, Adjacency_List,5544,5544,6.58932,5543,0,,,,,,,,,,
Recursive_DFS, Adjacency_List,9226,9226,10.9541,9225,0,,,,,,,,,,
Recursive_DFS, Adjacency_List,8980,8980,10.6627,8979,0,,,,,,,,,,
Recursive_DFS, Adjacency_List,5931,5931,7.03428,5930,0,,,,,,,,,,
Recursive_DFS, Adjacency_List,6894,6894,8.18104,6893,0,,,,,,,,,,
Recursive_DFS, Adjacency_List,5497,5497,6.51786,5496,0,,,,,,,,,,
Recursive_DFS, Adjacency_List,5319,5319,6.31575,5318,0,,,,,,,,,,
Recursive_DFS, Adjacency_List,3826,3826,4.54067,3825,0,,,,,,,,,,
Recursive_DFS, Adjacency_List,1676,1676,1.97808,1675,0,,,,,,,,,,
Recursive_DFS, Adjacency_List,6289,6289,7.46878,6288,0,,,,,,,,,,
Recursive_DFS, Adjacency_List,9532,9533,11.3188,9531,0,,,,,,,,,,
Recursive_DFS, Adjacency_List,3691,3691,4.37995,3690,0,,,,,,,,,,
Recursive_DFS, Adjacency_List,7488,7488,8.88589,7487,0,,,,,,,,,,
Recursive_DFS, Adjacency_List,7579,7579,8.99072,7578,0,,,,,,,,,,
Recursive_DFS, Adjacency_List,3077,3077,3.64595,3076,0,,,,,,,,,,
Recursive_DFS, Adjacency_List,417,417,0.474615,416,0,,,,,,,,,,
A_Star, Adjacency_Matrix,111,8529,12.7928,110,165.525,,,,,,,,,,
A_Star, Adjacency_Matrix,37,3028,5.02985,36,52.337,,,,,,,,,,
A_Star, Adjacency_Matrix,80,5673,10.5692,79,118.27,,,,,,,,,,
A_Star, Adjacency_Matrix,100,8027,12.0213,99,147.458,,,,,,,,,,
A_Star, Adjacency_Matrix,28,1656,2.82106,27,43.542,,,,,,,,,,
A_Star, Adjacency_Matrix,65,4373,6.8996,64,102.051,,,,,,,,,,
A_Star, Adjacency_Matrix,91,7901,12.2376,90,134.653,,,,,,,,,,
A_Star, Adjacency_Matrix,126,9451,16.0154,125,184.194,,,,,,,,,,
A_Star, Adjacency_Matrix,64,3972,5.19035,63,96.035,,,,,,,,,,
A_Star, Adjacency_Matrix,16,507,0.657234,15,22.455,,,,,,,,,,
A_Star, Adjacency_Matrix,111,8530,12.8849,110,164.209,,,,,,,,,,
A_Star, Adjacency_Matrix,90,6246,9.39655,89,128.157,,,,,,,,,,
A_Star, Adjacency_Matrix,32,804,0.661943,31,46.898,,,,,,,,,,
A_Star, Adjacency_Matrix,19,712,1.21954,18,24.88,,,,,,,,,,
A_Star, Adjacency_Matrix,81,5274,9.63141,80,120.669,,,,,,,,,,
A_Star, Adjacency_Matrix,59,6408,10.2974,58,87.239,,,,,,,,,,
A_Star, Adjacency_Matrix,66,6614,10.2304,65,98.688,,,,,,,,,,
A_Star, Adjacency_Matrix,139,9933,16.318,138,204.334,,,,,,,,,,
A_Star, Adjacency_Matrix,39,3309,5.16801,38,55.764,,,,,,,,,,
A_Star, Adjacency_Matrix,88,8820,15.2515,87,127.197,,,,,,,,,,
A_Star, Adjacency_Matrix,58,2608,4.82978,57,82.777,,,,,,,,,,
A_Star, Adjacency_Matrix,22,912,0.761743,21,31.842,,,,,,,,,,
A_Star, Adjacency_Matrix,40,2737,5.04654,39,57.162,,,,,,,,,,
A_Star, Adjacency_Matrix,57,6170,9.69826,56,83.772,,,,,,,,,,
A_Star, Adjacency_Matrix,30,1486,2.81391,29,43.046,,,,,,,,,,
A_Star, Adjacency_Matrix,25,1280,1.87141,24,35.545,,,,,,,,,,
A_Star, Adjacency_Matrix,7,111,0.0930426,6,8.751,,,,,,,,,,
A_Star, Adjacency_Matrix,51,2547,2.3931,50,74.611,,,,,,,,,,
A_Star, Adjacency_Matrix,29,1381,2.68913,28,40.963,,,,,,,,,,
A_Star, Adjacency_Matrix,118,9618,16.6224,117,174.24,,,,,,,,,,
A_Star, Adjacency_Matrix,27,1270,1.24329,26,37.113,,,,,,,,,,
A_Star, Adjacency_Matrix,52,3221,3.80835,51,76.791,,,,,,,,,,
A_Star, Adjacency_Matrix,88,5092,6.38969,87,135.71,,,,,,,,,,
A_Star, Adjacency_Matrix,4,27,0.0402653,3,5.436,,,,,,,,,,
A_Star, Adjacency_Matrix,83,6527,12.143,82,121.834,,,,,,,,,,
A_Star, Adjacency_Matrix,78,7773,13.7612,77,112.78,,,,,,,,,,
A_Star, Adjacency_Matrix,71,5748,9.30122,70,109.702,,,,,,,,,,
A_Star, Adjacency_Matrix,31,1964,2.58418,30,42.854,,,,,,,,,,
A_Star, Adjacency_Matrix,45,2635,3.83527,44,63.523,,,,,,,,,,
A_Star, Adjacency_Matrix,54,3547,5.01318,53,84.142,,,,,,,,,,
A_Star, Adjacency_Matrix,77,5534,10.3695,76,112.13,,,,,,,,,,
A_Star, Adjacency_Matrix,90,7754,12.0534,89,134.11,,,,,,,,,,
A_Star, Adjacency_Matrix,86,7302,13.1511,85,126.529,,,,,,,,,,
A_Star, Adjacency_Matrix,35,2172,3.07629,34,51.902,,,,,,,,,,
A_Star, Adjacency_Matrix,48,4045,5.36835,47,70.6,,,,,,,,,,
A_Star, Adjacency_Matrix,51,4917,8.75401,50,77.774,,,,,,,,,,
A_Star, Adjacency_Matrix,37,2827,3.93922,36,52.871,,,,,,,,,,
A_Star, Adjacency_Matrix,44,3896,6.03251,43,67.609,,,,,,,,,,
A_Star, Adjacency_Matrix,106,9153,15.447,105,159.503,,,,,,,,,,
A_Star, Adjacency_Matrix,49,4193,5.12717,48,69.025,,,,,,,,,,
A_Star, Adjacency_Matrix,56,5671,8.45791,55,77.41,,,,,,,,,,
A_Star, Adjacency_Matrix,70,8018,12.5136,69,101.798,,,,,,,,,,
A_Star, Adjacency_Matrix,99,7233,10.4907,98,144.06,,,,,,,,,,
A_Star, Adjacency_Matrix,88,8520,13.4107,87,132.197,,,,,,,,,,
A_Star, Adjacency_Matrix,21,868,0.747696,20,30.747,,,,,,,,,,
A_Star, Adjacency_Matrix,62,5721,8.71904,61,89.583,,,,,,,,,,
A_Star, Adjacency_Matrix,70,6212,10.6315,69,102.052,,,,,,,,,,
A_Star, Adjacency_Matrix,46,4465,7.50244,45,66.811,,,,,,,,,,
A_Star, Adjacency_Matrix,17,500,0.793291,16,23.729,,,,,,,,,,
A_Star, Adjacency_Matrix,101,8171,13.0825,100,149.968,,,,,,,,,,
A_Star, Adjacency_Matrix,12,352,0.401635,11,16.929,,,,,,,,,,
A_Star, Adjacency_Matrix,31,1429,2.82574,30,42.184,,,,,,,,,,
A_Star, Adjacency_Matrix,37,2324,2.4151,36,56.926,,,,,,,,,,
A_Star, Adjacency_Matrix,39,2935,3.61243,38,56.955,,,,,,,,,,
A_Star, Adjacency_Matrix,42,3222,4.19087,41,64.996,,,,,,,,,,
A_Star, Adjacency_Matrix,67,7135,12.6179,66,98.485,,,,,,,,,,
A_Star, Adjacency_Matrix,70,7148,12.4764,69,103.317,,,,,,,,,,
A_Star, Adjacency_Matrix,42,3679,4.82735,41,61.902,,,,,,,,,,
A_Star, Adjacency_Matrix,95,6531,8.95799,94,141.9,,,,,,,,,,
A_Star, Adjacency_Matrix,98,6974,11.9051,97,139.968,,,,,,,,,,
A_Star, Adjacency_Matrix,63,6932,11.1255,62,94.271,,,,,,,,,,
A_Star, Adjacency_Matrix,105,9574,16.0625,104,156.003,,,,,,,,,,
A_Star, Adjacency_Matrix,77,8943,14.4669,76,116.839,,,,,,,,,,
A_Star, Adjacency_Matrix,125,9074,14.1419,124,184.371,,,,,,,,,,
A_Star, Adjacency_Matrix,111,9682,16.0572,110,160.77,,,,,,,,,,
A_Star, Adjacency_Matrix,40,2807,4.72138,39,57.002,,,,,,,,,,
A_Star, Adjacency_Matrix,70,4213,7.27479,69,101.397,,,,,,,,,,
A_Star, Adjacency_Matrix,83,6848,11.4324,82,116.201,,,,,,,,,,
A_Star, Adjacency_Matrix,108,6865,9.62137,107,159.579,,,,,,,,,,
A_Star, Adjacency_Matrix,79,7008,12.6091,78,121.504,,,,,,,,,,
A_Star, Adjacency_Matrix,61,3992,6.9988,60,89.56,,,,,,,,,,
A_Star, Adjacency_Matrix,85,7823,13.3688,84,129.554,,,,,,,,,,
A_Star, Adjacency_Matrix,85,7379,10.2211,84,125.038,,,,,,,,,,
A_Star, Adjacency_Matrix,90,5886,10.013,89,132.236,,,,,,,,,,
A_Star, Adjacency_Matrix,56,3250,4.22862,55,81.584,,,,,,,,,,
A_Star, Adjacency_Matrix,62,2549,2.6061,61,92.646,,,,,,,,,,
A_Star, Adjacency_Matrix,138,9527,15.9486,137,204.634,,,,,,,,,,
A_Star, Adjacency_Matrix,83,6604,10.1917,82,124.999,,,,,,,,,,
A_Star, Adjacency_Matrix,94,8990,15.298,93,140.224,,,,,,,,,,
A_Star, Adjacency_Matrix,69,4359,8.25575,68,99.339,,,,,,,,,,
A_Star, Adjacency_Matrix,83,5968,10.4618,82,126.903,,,,,,,,,,
A_Star, Adjacency_Matrix,66,4232,4.5434,65,98.55,,,,,,,,,,
A_Star, Adjacency_Matrix,36,2244,3.71776,35,49.393,,,,,,,,,,
A_Star, Adjacency_Matrix,121,8845,15.0296,120,183.109,,,,,,,,,,
A_Star, Adjacency_Matrix,118,9348,15.9409,117,177.042,,,,,,,,,,
A_Star, Adjacency_Matrix,77,7892,12.0738,76,117.091,,,,,,,,,,
A_Star, Adjacency_Matrix,58,6177,9.12055,57,88.085,,,,,,,,,,
A_Star, Adjacency_Matrix,69,4099,7.2076,68,102.955,,,,,,,,,,
A_Star, Adjacency_Matrix,31,1493,1.95555,30,43.385,,,,,,,,,,
A_Star, Adjacency_Matrix,73,5782,8.01802,72,103.948,,,,,,,,,,
Dijkstra, Adjacency_Matrix,431,9316,10.495,430,209.226,,,,,,,,,,
Dijkstra, Adjacency_Matrix,79,6106,6.05017,78,36.08,,,,,,,,,,
Dijkstra, Adjacency_Matrix,390,9333,10.6563,389,188.176,,,,,,,,,,
Dijkstra, Adjacency_Matrix,488,9603,11.4187,487,233.833,,,,,,,,,,
Dijkstra, Adjacency_Matrix,152,2919,3.47804,151,72.171,,,,,,,,,,
Dijkstra, Adjacency_Matrix,193,4567,4.76657,192,96.282,,,,,,,,,,
Dijkstra, Adjacency_Matrix,243,9107,10.144,242,117.991,,,,,,,,,,
Dijkstra, Adjacency_Matrix,230,8929,9.94317,229,111.577,,,,,,,,,,
Dijkstra, Adjacency_Matrix,220,9961,13.3834,219,112.944,,,,,,,,,,
Dijkstra, Adjacency_Matrix,102,3231,2.57785,101,50.046,,,,,,,,,,
Dijkstra, Adjacency_Matrix,237,9436,10.8267,236,117.629,,,,,,,,,,
Dijkstra, Adjacency_Matrix,186,9265,10.6116,185,98.945,,,,,,,,,,
Dijkstra, Adjacency_Matrix,632,9919,12.7429,631,307.846,,,,,,,,,,
Dijkstra, Adjacency_Matrix,151,9408,10.7973,150,71.786,,,,,,,,,,
Dijkstra, Adjacency_Matrix,227,9865,12.2716,226,103.704,,,,,,,,,,
Dijkstra, Adjacency_Matrix,95,4216,4.25067,94,52.269,,,,,,,,,,
Dijkstra, Adjacency_Matrix,142,3726,3.73384,141,76.46,,,,,,,,,,
Dijkstra, Adjacency_Matrix,233,9427,10.7141,232,109.466,,,,,,,,,,
Dijkstra, Adjacency_Matrix,83,1396,1.33409,82,40.379,,,,,,,,,,
Dijkstra, Adjacency_Matrix,280,10000,17.5283,279,142.222,,,,,,,,,,
Dijkstra, Adjacency_Matrix,178,1426,1.9129,177,84.68,,,,,,,,,,
Dijkstra, Adjacency_Matrix,140,9640,11.6467,139,75.001,,,,,,,,,,
Dijkstra, Adjacency_Matrix,120,1207,1.21022,119,60.684,,,,,,,,,,
Dijkstra, Adjacency_Matrix,199,9984,14.4164,198,93.291,,,,,,,,,,
Dijkstra, Adjacency_Matrix,38,10000,16.7962,37,16.359,,,,,,,,,,
Dijkstra, Adjacency_Matrix,41,262,0.282459,40,21.409,,,,,,,,,,
Dijkstra, Adjacency_Matrix,21,256,0.173558,20,10.838,,,,,,,,,,
Dijkstra, Adjacency_Matrix,149,2325,1.66355,148,80.999,,,,,,,,,,
Dijkstra, Adjacency_Matrix,241,9508,11.1464,240,110.29,,,,,,,,,,
Dijkstra, Adjacency_Matrix,448,8435,9.80328,447,212.484,,,,,,,,,,
Dijkstra, Adjacency_Matrix,113,9709,11.8597,112,58.891,,,,,,,,,,
Dijkstra, Adjacency_Matrix,202,2904,1.99821,201,104.941,,,,,,,,,,
Dijkstra, Adjacency_Matrix,186,8951,10.1945,185,91.762,,,,,,,,,,
Dijkstra, Adjacency_Matrix,4,903,1.18146,3,2.436,,,,,,,,,,
Dijkstra, Adjacency_Matrix,151,5314,5.5638,150,78.184,,,,,,,,,,
Dijkstra, Adjacency_Matrix,102,9666,11.4681,101,48.852,,,,,,,,,,
Dijkstra, Adjacency_Matrix,171,5939,5.78788,170,83.595,,,,,,,,,,
Dijkstra, Adjacency_Matrix,147,9999,16.3597,146,70.329,,,,,,,,,,
Dijkstra, Adjacency_Matrix,127,10000,17.5463,126,56.814,,,,,,,,,,
Dijkstra, Adjacency_Matrix,166,5713,5.47997,165,84.44,,,,,,,,,,
Dijkstra, Adjacency_Matrix,191,4676,5.88477,190,91.8031,,,,,,,,,,
Dijkstra, Adjacency_Matrix,154,2667,3.11997,153,74.41,,,,,,,,,,
Dijkstra, Adjacency_Matrix,138,4484,4.9966,137,73.621,,,,,,,,,,
Dijkstra, Adjacency_Matrix,41,306,0.3251,40,21.729,,,,,,,,,,
Dijkstra, Adjacency_Matrix,120,3900,3.44899,119,55.904,,,,,,,,,,
Dijkstra, Adjacency_Matrix,85,1243,1.04449,84,46.721,,,,,,,,,,
Dijkstra, Adjacency_Matrix,107,9285,10.5831,106,52.857,,,,,,,,,,
Dijkstra, Adjacency_Matrix,68,1025,0.893111,67,39.778,,,,,,,,,,
Dijkstra, Adjacency_Matrix,374,7130,8.05107,373,178.735,,,,,,,,,,
Dijkstra, Adjacency_Matrix,69,1311,1.04991,68,30.652,,,,,,,,,,
Dijkstra, Adjacency_Matrix,98,9571,11.3386,97,44.239,,,,,,,,,,
Dijkstra, Adjacency_Matrix,348,9996,15.2184,347,169.921,,,,,,,,,,
Dijkstra, Adjacency_Matrix,355,4914,4.97337,354,170.816,,,,,,,,,,
Dijkstra, Adjacency_Matrix,234,9988,14.4705,233,116.354,,,,,,,,,,
Dijkstra, Adjacency_Matrix,77,10000,16.7505,76,35.439,,,,,,,,,,
Dijkstra, Adjacency_Matrix,206,4166,4.19549,205,97.893,,,,,,,,,,
Dijkstra, Adjacency_Matrix,344,8068,9.22381,343,164.398,,,,,,,,,,
Dijkstra, Adjacency_Matrix,88,9976,13.8283,87,42.212,,,,,,,,,,
Dijkstra, Adjacency_Matrix,21,146,0.160986,20,11.402,,,,,,,,,,
Dijkstra, Adjacency_Matrix,195,10000,17.1764,194,93.887,,,,,,,,,,
Dijkstra, Adjacency_Matrix,52,9544,11.1381,51,24.302,,,,,,,,,,
Dijkstra, Adjacency_Matrix,59,6683,6.95556,58,26.335,,,,,,,,,,
Dijkstra, Adjacency_Matrix,223,1954,2.01527,222,114.036,,,,,,,,,,
Dijkstra, Adjacency_Matrix,119,1317,1.05887,118,59.488,,,,,,,,,,
Dijkstra, Adjacency_Matrix,60,9307,10.8901,59,32.512,,,,,,,,,,
Dijkstra, Adjacency_Matrix,131,9987,14.3163,130,66.129,,,,,,,,,,
Dijkstra, Adjacency_Matrix,106,1499,1.21327,105,56.627,,,,,,,,,,
Dijkstra, Adjacency_Matrix,128,3828,3.8094,127,65.844,,,,,,,,,,
Dijkstra, Adjacency_Matrix,571,10000,16.3073,570,279.285,,,,,,,,,,
Dijkstra, Adjacency_Matrix,290,7398,8.30604,289,137.326,,,,,,,,,,
Dijkstra, Adjacency_Matrix,93,1155,0.907622,92,43.011,,,,,,,,,,
Dijkstra, Adjacency_Matrix,201,8580,9.88214,200,97.672,,,,,,,,,,
Dijkstra, Adjacency_Matrix,205,9775,12.1261,204,98.748,,,,,,,,,,
Dijkstra, Adjacency_Matrix,369,5148,5.33233,368,177.783,,,,,,,,,,
Dijkstra, Adjacency_Matrix,425,9963,13.6449,424,204.528,,,,,,,,,,
Dijkstra, Adjacency_Matrix,196,7948,9.00078,195,90.214,,,,,,,,,,
Dijkstra, Adjacency_Matrix,164,4731,5.96114,163,78.388,,,,,,,,,,
Dijkstra, Adjacency_Matrix,217,10000,16.9902,216,105.176,,,,,,,,,,
Dijkstra, Adjacency_Matrix,552,7748,8.79208,551,272.323,,,,,,,,,,
Dijkstra, Adjacency_Matrix,291,7138,8.03759,290,140.332,,,,,,,,,,
Dijkstra, Adjacency_Matrix,123,9788,12.1344,122,62.551,,,,,,,,,,
Dijkstra, Adjacency_Matrix,181,9997,14.8125,180,90.102,,,,,,,,,,
Dijkstra, Adjacency_Matrix,463,5653,6.00724,462,224.658,,,,,,,,,,
Dijkstra, Adjacency_Matrix,172,3621,4.39502,171,86.505,,,,,,,,,,
Dijkstra, Adjacency_Matrix,132,9997,15.0039,131,66.124,,,,,,,,,,
Dijkstra, Adjacency_Matrix,110,3149,2.30939,109,54.231,,,,,,,,,,
Dijkstra, Adjacency_Matrix,274,4664,5.10912,273,140.431,,,,,,,,,,
Dijkstra, Adjacency_Matrix,153,4962,4.73809,152,74.805,,,,,,,,,,
Dijkstra, Adjacency_Matrix,284,9470,10.8264,283,146.619,,,,,,,,,,
Dijkstra, Adjacency_Matrix,217,9943,12.8677,216,108.356,,,,,,,,,,
Dijkstra, Adjacency_Matrix,105,2668,3.31322,104,53.335,,,,,,,,,,
Dijkstra, Adjacency_Matrix,130,9552,11.1393,129,71.175,,,,,,,,,,
Dijkstra, Adjacency_Matrix,206,9994,14.6257,205,104.797,,,,,,,,,,
Dijkstra, Adjacency_Matrix,317,5788,6.70758,316,161.306,,,,,,,,,,
Dijkstra, Adjacency_Matrix,238,9192,10.2364,237,115.046,,,,,,,,,,
Dijkstra, Adjacency_Matrix,433,7149,8.22082,432,209.081,,,,,,,,,,
Dijkstra, Adjacency_Matrix,88,1921,1.749,87,41.824,,,,,,,,,,
Dijkstra, Adjacency_Matrix,255,4804,6.02748,254,118.279,,,,,,,,,,
Dijkstra, Adjacency_Matrix,157,4706,4.58951,156,74.159,,,,,,,,,,
Dijkstra, Adjacency_Matrix,279,9548,11.214,278,134.693,,,,,,,,,,
Iterative_BFS, Adjacency_Matrix,111,8469,6.31271,110,0,,,,,,,,,,
Iterative_BFS, Adjacency_Matrix,37,2732,1.77653,36,0,,,,,,,,,,
Iterative_BFS, Adjacency_Matrix,80,5996,4.12146,79,0,,,,,,,,,,
Iterative_BFS, Adjacency_Matrix,100,7950,5.98375,99,0,,,,,,,,,,
Iterative_BFS, Adjacency_Matrix,28,1519,0.946287,27,0,,,,,,,,,,
Iterative_BFS, Adjacency_Matrix,65,4526,3.16125,64,0,,,,,,,,,,
Iterative_BFS, Adjacency_Matrix,91,8063,6.10002,90,0,,,,,,,,,,
Iterative_BFS, Adjacency_Matrix,126,9301,6.47312,125,0,,,,,,,,,,
Iterative_BFS, Adjacency_Matrix,64,3882,2.67347,63,0,,,,,,,,,,
Iterative_BFS, Adjacency_Matrix,16,535,0.313634,15,0,,,,,,,,,,
Iterative_BFS, Adjacency_Matrix,111,8345,6.22741,110,0,,,,,,,,,,
Iterative_BFS, Adjacency_Matrix,90,6591,4.7367,89,0,,,,,,,,,,
Iterative_BFS, Adjacency_Matrix,32,823,0.522779,31,0,,,,,,,,,,
Iterative_BFS, Adjacency_Matrix,19,736,0.43852,18,0,,,,,,,,,,
Iterative_BFS, Adjacency_Matrix,79,4701,3.17902,78,0,,,,,,,,,,
Iterative_BFS, Adjacency_Matrix,59,6537,4.62364,58,0,,,,,,,,,,
Iterative_BFS, Adjacency_Matrix,66,6744,4.83416,65,0,,,,,,,,,,
Iterative_BFS, Adjacency_Matrix,139,9934,7.71296,138,0,,,,,,,,,,
Iterative_BFS, Adjacency_Matrix,39,3039,1.99909,38,0,,,,,,,,,,
Iterative_BFS, Adjacency_Matrix,88,8750,6.31163,87,0,,,,,,,,,,
Iterative_BFS, Adjacency_Matrix,58,2545,1.67195,57,0,,,,,,,,,,
Iterative_BFS, Adjacency_Matrix,22,868,0.536605,21,0,,,,,,,,,,
Iterative_BFS, Adjacency_Matrix,40,2715,1.78281,39,0,,,,,,,,,,
Iterative_BFS, Adjacency_Matrix,57,6169,4.36325,56,0,,,,,,,,,,
Iterative_BFS, Adjacency_Matrix,30,1629,1.02892,29,0,,,,,,,,,,
Iterative_BFS, Adjacency_Matrix,25,1272,0.78346,24,0,,,,,,,,,,
Iterative_BFS, Adjacency_Matrix,7,100,0.0488156,6,0,,,,,,,,,,
Iterative_BFS, Adjacency_Matrix,51,2576,1.71022,50,0,,,,,,,,,,
Iterative_BFS, Adjacency_Matrix,29,1414,0.89541,28,0,,,,,,,,,,
Iterative_BFS, Adjacency_Matrix,118,9601,6.952,117,0,,,,,,,,,,
Iterative_BFS, Adjacency_Matrix,27,1356,0.854199,26,0,,,,,,,,,,
Iterative_BFS, Adjacency_Matrix,52,2869,1.93165,51,0,,,,,,,,,,
Iterative_BFS, Adjacency_Matrix,84,4616,3.18347,83,0,,,,,,,,,,
Iterative_BFS, Adjacency_Matrix,4,31,0.0121884,3,0,,,,,,,,,,
Iterative_BFS, Adjacency_Matrix,83,6323,4.34776,82,0,,,,,,,,,,
Iterative_BFS, Adjacency_Matrix,78,7854,5.5936,77,0,,,,,,,,,,
Iterative_BFS, Adjacency_Matrix,71,5496,3.85185,70,0,,,,,,,,,,
Iterative_BFS, Adjacency_Matrix,31,1931,1.2259,30,0,,,,,,,,,,
Iterative_BFS, Adjacency_Matrix,45,2528,1.66437,44,0,,,,,,,,,,
Iterative_BFS, Adjacency_Matrix,54,3457,2.34485,53,0,,,,,,,,,,
Iterative_BFS, Adjacency_Matrix,77,5093,3.47474,76,0,,,,,,,,,,
Iterative_BFS, Adjacency_Matrix,90,7974,5.97363,89,0,,,,,,,,,,
Iterative_BFS, Adjacency_Matrix,86,7291,5.04573,85,0,,,,,,,,,,
Iterative_BFS, Adjacency_Matrix,35,2506,1.62653,34,0,,,,,,,,,,
Iterative_BFS, Adjacency_Matrix,48,4263,2.9434,47,0,,,,,,,,,,
Iterative_BFS, Adjacency_Matrix,51,4676,3.21646,50,0,,,,,,,,,,
Iterative_BFS, Adjacency_Matrix,37,2572,1.68193,36,0,,,,,,,,,,
Iterative_BFS, Adjacency_Matrix,42,3433,2.26105,41,0,,,,,,,,,,
Iterative_BFS, Adjacency_Matrix,106,9212,6.77813,105,0,,,,,,,,,,
Iterative_BFS, Adjacency_Matrix,49,4088,2.78916,48,0,,,,,,,,,,
Iterative_BFS, Adjacency_Matrix,56,5634,3.90887,55,0,,,,,,,,,,
Iterative_BFS, Adjacency_Matrix,70,8012,5.8435,69,0,,,,,,,,,,
Iterative_BFS, Adjacency_Matrix,99,7378,5.36638,98,0,,,,,,,,,,
Iterative_BFS, Adjacency_Matrix,88,8313,6.10916,87,0,,,,,,,,,,
Iterative_BFS, Adjacency_Matrix,21,886,0.538428,20,0,,,,,,,,,,
Iterative_BFS, Adjacency_Matrix,62,5807,4.07207,61,0,,,,,,,,,,
Iterative_BFS, Adjacency_Matrix,70,6335,4.40861,69,0,,,,,,,,,,
Iterative_BFS, Adjacency_Matrix,46,3892,2.60493,45,0,,,,,,,,,,
Iterative_BFS, Adjacency_Matrix,17,554,0.322995,16,0,,,,,,,,,,
Iterative_BFS, Adjacency_Matrix,101,7850,5.64959,100,0,,,,,,,,,,
Iterative_BFS, Adjacency_Matrix,12,275,0.151274,11,0,,,,,,,,,,
Iterative_BFS, Adjacency_Matrix,31,1428,0.899802,30,0,,,,,,,,,,
Iterative_BFS, Adjacency_Matrix,37,2604,1.70505,36,0,,,,,,,,,,
Iterative_BFS, Adjacency_Matrix,39,3092,2.02174,38,0,,,,,,,,,,
Iterative_BFS, Adjacency_Matrix,42,3385,2.23754,41,0,,,,,,,,,,
Iterative_BFS, Adjacency_Matrix,63,6204,4.30498,62,0,,,,,,,,,,
Iterative_BFS, Adjacency_Matrix,70,7269,5.11752,69,0,,,,,,,,,,
Iterative_BFS, Adjacency_Matrix,42,3442,2.27746,41,0,,,,,,,,,,
Iterative_BFS, Adjacency_Matrix,95,6214,4.44409,94,0,,,,,,,,,,
Iterative_BFS, Adjacency_Matrix,98,7058,4.98484,97,0,,,,,,,,,,
Iterative_BFS, Adjacency_Matrix,63,7080,5.02902,62,0,,,,,,,,,,
Iterative_BFS, Adjacency_Matrix,105,9466,6.63736,104,0,,,,,,,,,,
Iterative_BFS, Adjacency_Matrix,77,8909,6.60636,76,0,,,,,,,,,,
Iterative_BFS, Adjacency_Matrix,125,9095,6.91196,124,0,,,,,,,,,,
Iterative_BFS, Adjacency_Matrix,111,9641,7.39436,110,0,,,,,,,,,,
Iterative_BFS, Adjacency_Matrix,40,2863,1.88235,39,0,,,,,,,,,,
Iterative_BFS, Adjacency_Matrix,70,4439,3.00721,69,0,,,,,,,,,,
Iterative_BFS, Adjacency_Matrix,83,6982,4.9706,82,0,,,,,,,,,,
Iterative_BFS, Adjacency_Matrix,108,6605,4.69792,107,0,,,,,,,,,,
Iterative_BFS, Adjacency_Matrix,79,6459,4.43289,78,0,,,,,,,,,,
Iterative_BFS, Adjacency_Matrix,61,3956,2.66787,60,0,,,,,,,,,,
Iterative_BFS, Adjacency_Matrix,85,7492,5.29612,84,0,,,,,,,,,,
Iterative_BFS, Adjacency_Matrix,85,7562,5.63602,84,0,,,,,,,,,,
Iterative_BFS, Adjacency_Matrix,90,6290,4.37871,89,0,,,,,,,,,,
Iterative_BFS, Adjacency_Matrix,56,3173,2.12593,55,0,,,,,,,,,,
Iterative_BFS, Adjacency_Matrix,62,2559,1.68768,61,0,,,,,,,,,,
Iterative_BFS, Adjacency_Matrix,138,9545,6.7196,137,0,,,,,,,,,,
Iterative_BFS, Adjacency_Matrix,81,5920,4.16995,80,0,,,,,,,,,,
Iterative_BFS, Adjacency_Matrix,94,9157,6.47755,93,0,,,,,,,,,,
Iterative_BFS, Adjacency_Matrix,69,4386,2.93264,68,0,,,,,,,,,,
Iterative_BFS, Adjacency_Matrix,83,6437,4.4344,82,0,,,,,,,,,,
Iterative_BFS, Adjacency_Matrix,66,4141,2.82056,65,0,,,,,,,,,,
Iterative_BFS, Adjacency_Matrix,36,2320,1.50461,35,0,,,,,,,,,,
Iterative_BFS, Adjacency_Matrix,121,8816,6.40506,120,0,,,,,,,,,,
Iterative_BFS, Adjacency_Matrix,118,9338,6.6372,117,0,,,,,,,,,,
Iterative_BFS, Adjacency_Matrix,77,7766,5.75293,76,0,,,,,,,,,,
Iterative_BFS, Adjacency_Matrix,58,6408,4.51951,57,0,,,,,,,,,,
Iterative_BFS, Adjacency_Matrix,69,4257,2.87837,68,0,,,,,,,,,,
Iterative_BFS, Adjacency_Matrix,31,1536,0.976805,30,0,,,,,,,,,,
Iterative_BFS, Adjacency_Matrix,69,5220,3.69176,68,0,,,,,,,,,,
Iterative_DFS, Adjacency_Matrix,1003,1003,0.669199,1002,0,,,,,,,,,,
Iterative_DFS, Adjacency_Matrix,3701,3701,2.43818,3700,0,,,,,,,,,,
Iterative_DFS, Adjacency_Matrix,4342,4342,2.87377,4341,0,,,,,,,,,,
Iterative_DFS, Adjacency_Matrix,2504,2504,1.64039,2503,0,,,,,,,,,,
Iterative_DFS, Adjacency_Matrix,5498,5498,3.60265,5497,0,,,,,,,,,,
Iterative_DFS, Adjacency_Matrix,1775,1775,1.17847,1774,0,,,,,,,,,,
Iterative_DFS, Adjacency_Matrix,3907,3907,2.57238,3906,0,,,,,,,,,,
Iterative_DFS, Adjacency_Matrix,9508,9509,6.27013,9507,0,,,,,,,,,,
Iterative_DFS, Adjacency_Matrix,8074,8074,5.2804,8073,0,,,,,,,,,,
Iterative_DFS, Adjacency_Matrix,3356,3356,2.19429,3355,0,,,,,,,,,,
Iterative_DFS, Adjacency_Matrix,5555,5555,3.63119,5554,0,,,,,,,,,,
Iterative_DFS, Adjacency_Matrix,9854,9854,6.4805,9853,0,,,,,,,,,,
Iterative_DFS, Adjacency_Matrix,7824,7824,5.11589,7823,0,,,,,,,,,,
Iterative_DFS, Adjacency_Matrix,2483,2483,1.62178,2482,0,,,,,,,,,,
Iterative_DFS, Adjacency_Matrix,89,89,0.0587192,88,0,,,,,,,,,,
Iterative_DFS, Adjacency_Matrix,8215,8215,5.3677,8214,0,,,,,,,,,,
Iterative_DFS, Adjacency_Matrix,8524,8524,5.56791,8523,0,,,,,,,,,,
Iterative_DFS, Adjacency_Matrix,2743,2743,1.79277,2742,0,,,,,,,,,,
Iterative_DFS, Adjacency_Matrix,1229,1229,0.802609,1228,0,,,,,,,,,,
Iterative_DFS, Adjacency_Matrix,100,100,0.0658425,99,0,,,,,,,,,,
Iterative_DFS, Adjacency_Matrix,6188,6189,4.04184,6187,0,,,,,,,,,,
Iterative_DFS, Adjacency_Matrix,9622,9622,6.29314,9621,0,,,,,,,,,,
Iterative_DFS, Adjacency_Matrix,5290,5290,3.46124,5289,0,,,,,,,,,,
Iterative_DFS, Adjacency_Matrix,3909,3909,2.55552,3908,0,,,,,,,,,,
Iterative_DFS, Adjacency_Matrix,3090,3090,2.02013,3089,0,,,,,,,,,,
Iterative_DFS, Adjacency_Matrix,3587,3587,2.34447,3586,0,,,,,,,,,,
Iterative_DFS, Adjacency_Matrix,7359,7359,4.80925,7358,0,,,,,,,,,,
Iterative_DFS, Adjacency_Matrix,4543,4543,2.96892,4542,0,,,,,,,,,,
Iterative_DFS, Adjacency_Matrix,183,183,0.120192,182,0,,,,,,,,,,
Iterative_DFS, Adjacency_Matrix,9278,9279,6.06496,9277,0,,,,,,,,,,
Iterative_DFS, Adjacency_Matrix,5869,5869,3.83911,5868,0,,,,,,,,,,
Iterative_DFS, Adjacency_Matrix,8156,8156,5.33079,8155,0,,,,,,,,,,
Iterative_DFS, Adjacency_Matrix,9906,9906,6.47279,9905,0,,,,,,,,,,
Iterative_DFS, Adjacency_Matrix,602,602,0.394425,601,0,,,,,,,,,,
Iterative_DFS, Adjacency_Matrix,7351,7351,4.80507,7350,0,,,,,,,,,,
Iterative_DFS, Adjacency_Matrix,6194,6194,4.05135,6193,0,,,,,,,,,,
Iterative_DFS, Adjacency_Matrix,3391,3391,2.22323,3390,0,,,,,,,,,,
Iterative_DFS, Adjacency_Matrix,4991,4991,3.26315,4990,0,,,,,,,,,,
Iterative_DFS, Adjacency_Matrix,8801,8802,5.75921,8800,0,,,,,,,,,,
Iterative_DFS, Adjacency_Matrix,6468,6468,4.22959,6467,0,,,,,,,,,,
Iterative_DFS, Adjacency_Matrix,7377,7377,4.82667,7376,0,,,,,,,,,,
Iterative_DFS, Adjacency_Matrix,1082,1082,0.707299,1081,0,,,,,,,,,,
Iterative_DFS, Adjacency_Matrix,8160,8160,5.33728,8159,0,,,,,,,,,,
Iterative_DFS, Adjacency_Matrix,919,919,0.601123,918,0,,,,,,,,,,
Iterative_DFS, Adjacency_Matrix,5442,5442,3.55791,5441,0,,,,,,,,,,
Iterative_DFS, Adjacency_Matrix,7561,7561,4.94522,7560,0,,,,,,,,,,
Iterative_DFS, Adjacency_Matrix,8623,8624,5.65087,8622,0,,,,,,,,,,
Iterative_DFS, Adjacency_Matrix,8438,8439,5.51586,8437,0,,,,,,,,,,
Iterative_DFS, Adjacency_Matrix,7918,7918,5.17479,7917,0,,,,,,,,,,
Iterative_DFS, Adjacency_Matrix,2463,2463,1.61138,2462,0,,,,,,,,,,
Iterative_DFS, Adjacency_Matrix,8816,8816,5.77056,8815,0,,,,,,,,,,
Iterative_DFS, Adjacency_Matrix,276,276,0.181023,275,0,,,,,,,,,,
Iterative_DFS, Adjacency_Matrix,99,99,0.0648733,98,0,,,,,,,,,,
Iterative_DFS, Adjacency_Matrix,7734,7734,5.05807,7733,0,,,,,,,,,,
Iterative_DFS, Adjacency_Matrix,2073,2073,1.35626,2072,0,,,,,,,,,,
Iterative_DFS, Adjacency_Matrix,1010,1010,0.661091,1009,0,,,,,,,,,,
Iterative_DFS, Adjacency_Matrix,734,734,0.480307,733,0,,,,,,,,,,
Iterative_DFS, Adjacency_Matrix,4162,4162,2.72344,4161,0,,,,,,,,,,
Iterative_DFS, Adjacency_Matrix,4409,4409,2.88395,4408,0,,,,,,,,,,
Iterative_DFS, Adjacency_Matrix,3555,3555,2.33492,3554,0,,,,,,,,,,
Iterative_DFS, Adjacency_Matrix,6630,6630,4.3401,6629,0,,,,,,,,,,
Iterative_DFS, Adjacency_Matrix,1381,1381,0.903438,1380,0,,,,,,,,,,
Iterative_DFS, Adjacency_Matrix,2377,2377,1.55707,2376,0,,,,,,,,,,
Iterative_DFS, Adjacency_Matrix,2019,2019,1.32125,2018,0,,,,,,,,,,
Iterative_DFS, Adjacency_Matrix,7934,7934,5.19459,7933,0,,,,,,,,,,
Iterative_DFS, Adjacency_Matrix,8851,8851,5.79176,8850,0,,,,,,,,,,
Iterative_DFS, Adjacency_Matrix,8224,8225,5.38723,8223,0,,,,,,,,,,
Iterative_DFS, Adjacency_Matrix,6570,6570,4.30202,6569,0,,,,,,,,,,
Iterative_DFS, Adjacency_Matrix,9891,9892,6.47785,9890,0,,,,,,,,,,
Iterative_DFS, Adjacency_Matrix,8638,8638,5.65183,8637,0,,,,,,,,,,
Iterative_DFS, Adjacency_Matrix,7685,7685,5.02945,7684,0,,,,,,,,,,
Iterative_DFS, Adjacency_Matrix,9683,9684,6.34401,9682,0,,,,,,,,,,
Iterative_DFS, Adjacency_Matrix,3387,3387,2.21685,3386,0,,,,,,,,,,
Iterative_DFS, Adjacency_Matrix,307,307,0.20108,306,0,,,,,,,,,,
Iterative_DFS, Adjacency_Matrix,1217,1217,0.796486,1216,0,,,,,,,,,,
Iterative_DFS, Adjacency_Matrix,5038,5038,3.29841,5037,0,,,,,,,,,,
Iterative_DFS, Adjacency_Matrix,6970,6970,4.56172,6969,0,,,,,,,,,,
Iterative_DFS, Adjacency_Matrix,779,779,0.510048,778,0,,,,,,,,,,
Iterative_DFS, Adjacency_Matrix,7508,7508,4.91169,7507,0,,,,,,,,,,
Iterative_DFS, Adjacency_Matrix,8345,8345,5.46623,8344,0,,,,,,,,,,
Iterative_DFS, Adjacency_Matrix,3659,3659,2.39438,3658,0,,,,,,,,,,
Iterative_DFS, Adjacency_Matrix,9437,9438,6.18288,9436,0,,,,,,,,,,
Iterative_DFS, Adjacency_Matrix,1887,1887,1.23483,1886,0,,,,,,,,,,
Iterative_DFS, Adjacency_Matrix,5982,5982,3.91555,5981,0,,,,,,,,,,
Iterative_DFS, Adjacency_Matrix,5544,5544,3.62797,5543,0,,,,,,,,,,
Iterative_DFS, Adjacency_Matrix,9226,9226,6.03593,9225,0,,,,,,,,,,
Iterative_DFS, Adjacency_Matrix,8980,8980,5.88078,8979,0,,,,,,,,,,
Iterative_DFS, Adjacency_Matrix,5931,5931,3.88146,5930,0,,,,,,,,,,
Iterative_DFS, Adjacency_Matrix,6894,6894,4.51515,6893,0,,,,,,,,,,
Iterative_DFS, Adjacency_Matrix,5497,5497,3.59626,5496,0,,,,,,,,,,
Iterative_DFS, Adjacency_Matrix,5319,5319,3.48184,5318,0,,,,,,,,,,
Iterative_DFS, Adjacency_Matrix,3826,3826,2.50441,3825,0,,,,,,,,,,
Iterative_DFS, Adjacency_Matrix,1676,1676,1.09706,1675,0,,,,,,,,,,
Iterative_DFS, Adjacency_Matrix,6289,6289,4.11635,6288,0,,,,,,,,,,
Iterative_DFS, Adjacency_Matrix,9532,9533,6.25407,9531,0,,,,,,,,,,
Iterative_DFS, Adjacency_Matrix,3691,3691,2.41641,3690,0,,,,,,,,,,
Iterative_DFS, Adjacency_Matrix,7488,7488,4.90568,7487,0,,,,,,,,,,
Iterative_DFS, Adjacency_Matrix,7579,7579,4.96236,7578,0,,,,,,,,,,
Iterative_DFS, Adjacency_Matrix,3077,3077,2.01396,3076,0,,,,,,,,,,
Iterative_DFS, Adjacency_Matrix,417,417,0.273789,416,0,,,,,,,,,,
Recursive_BFS, Adjacency_Matrix,111,8469,6.36271,110,0,,,,,,,,,,
Recursive_BFS, Adjacency_Matrix,37,2732,1.77419,36,0,,,,,,,,,,
Recursive_BFS, Adjacency_Matrix,80,5996,4.09016,79,0,,,,,,,,,,
Recursive_BFS, Adjacency_Matrix,100,7950,5.94326,99,0,,,,,,,,,,
Recursive_BFS, Adjacency_Matrix,28,1519,0.947118,27,0,,,,,,,,,,
Recursive_BFS, Adjacency_Matrix,65,4526,3.13893,64,0,,,,,,,,,,
Recursive_BFS, Adjacency_Matrix,91,8063,6.05829,90,0,,,,,,,,,,
Recursive_BFS, Adjacency_Matrix,126,9301,6.46439,125,0,,,,,,,,,,
Recursive_BFS, Adjacency_Matrix,64,3882,2.65231,63,0,,,,,,,,,,
Recursive_BFS, Adjacency_Matrix,16,535,0.311483,15,0,,,,,,,,,,
Recursive_BFS, Adjacency_Matrix,111,8345,6.20574,110,0,,,,,,,,,,
Recursive_BFS, Adjacency_Matrix,90,6591,4.73112,89,0,,,,,,,,,,
Recursive_BFS, Adjacency_Matrix,32,823,0.519553,31,0,,,,,,,,,,
Recursive_BFS, Adjacency_Matrix,19,736,0.439594,18,0,,,,,,,,,,
Recursive_BFS, Adjacency_Matrix,79,4701,3.18596,78,0,,,,,,,,,,
Recursive_BFS, Adjacency_Matrix,59,6537,4.63152,58,0,,,,,,,,,,
Recursive_BFS, Adjacency_Matrix,66,6744,4.85381,65,0,,,,,,,,,,
Recursive_BFS, Adjacency_Matrix,139,9934,7.72714,138,0,,,,,,,,,,
Recursive_BFS, Adjacency_Matrix,39,3039,1.99808,38,0,,,,,,,,,,
Recursive_BFS, Adjacency_Matrix,88,8750,6.33927,87,0,,,,,,,,,,
Recursive_BFS, Adjacency_Matrix,58,2545,1.67624,57,0,,,,,,,,,,
Recursive_BFS, Adjacency_Matrix,22,868,0.532402,21,0,,,,,,,,,,
Recursive_BFS, Adjacency_Matrix,40,2715,1.78504,39,0,,,,,,,,,,
Recursive_BFS, Adjacency_Matrix,57,6169,4.39321,56,0,,,,,,,,,,
Recursive_BFS, Adjacency_Matrix,30,1629,1.0307,29,0,,,,,,,,,,
Recursive_BFS, Adjacency_Matrix,25,1272,0.787942,24,0,,,,,,,,,,
Recursive_BFS, Adjacency_Matrix,7,100,0.0482933,6,0,,,,,,,,,,
Recursive_BFS, Adjacency_Matrix,51,2576,1.70644,50,0,,,,,,,,,,
Recursive_BFS, Adjacency_Matrix,29,1414,0.89746,28,0,,,,,,,,,,
Recursive_BFS, Adjacency_Matrix,118,9601,6.97873,117,0,,,,,,,,,,
Recursive_BFS, Adjacency_Matrix,27,1356,0.856814,26,0,,,,,,,,,,
Recursive_BFS, Adjacency_Matrix,52,2869,1.93385,51,0,,,,,,,,,,
Recursive_BFS, Adjacency_Matrix,84,4616,3.18942,83,0,,,,,,,,,,
Recursive_BFS, Adjacency_Matrix,4,31,0.012118,3,0,,,,,,,,,,
Recursive_BFS, Adjacency_Matrix,83,6323,4.36026,82,0,,,,,,,,,,
Recursive_BFS, Adjacency_Matrix,78,7854,5.60945,77,0,,,,,,,,,,
Recursive_BFS, Adjacency_Matrix,71,5496,3.86169,70,0,,,,,,,,,,
Recursive_BFS, Adjacency_Matrix,31,1931,1.22813,30,0,,,,,,,,,,
Recursive_BFS, Adjacency_Matrix,45,2528,1.66653,44,0,,,,,,,,,,
Recursive_BFS, Adjacency_Matrix,54,3457,2.34444,53,0,,,,,,,,,,
Recursive_BFS, Adjacency_Matrix,77,5093,3.48468,76,0,,,,,,,,,,
Recursive_BFS, Adjacency_Matrix,90,7974,6.00817,89,0,,,,,,,,,,
Recursive_BFS, Adjacency_Matrix,86,7291,5.06221,85,0,,,,,,,,,,
Recursive_BFS, Adjacency_Matrix,35,2506,1.62851,34,0,,,,,,,,,,
Recursive_BFS, Adjacency_Matrix,48,4263,2.9394,47,0,,,,,,,,,,
Recursive_BFS, Adjacency_Matrix,51,4676,3.22472,50,0,,,,,,,,,,
Recursive_BFS, Adjacency_Matrix,37,2572,1.68281,36,0,,,,,,,,,,
Recursive_BFS, Adjacency_Matrix,42,3433,2.26506,41,0,,,,,,,,,,
Recursive_BFS, Adjacency_Matrix,106,9212,6.80417,105,0,,,,,,,,,,
Recursive_BFS, Adjacency_Matrix,49,4088,2.79274,48,0,,,,,,,,,,
Recursive_BFS, Adjacency_Matrix,56,5634,3.92127,55,0,,,,,,,,,,
Recursive_BFS, Adjacency_Matrix,70,8012,5.87013,69,0,,,,,,,,,,
Recursive_BFS, Adjacency_Matrix,99,7378,5.38767,98,0,,,,,,,,,,
Recursive_BFS, Adjacency_Matrix,88,8313,6.14388,87,0,,,,,,,,,,
Recursive_BFS, Adjacency_Matrix,21,886,0.540127,20,0,,,,,,,,,,
Recursive_BFS, Adjacency_Matrix,62,5807,4.08563,61,0,,,,,,,,,,
Recursive_BFS, Adjacency_Matrix,70,6335,4.41502,69,0,,,,,,,,,,
Recursive_BFS, Adjacency_Matrix,46,3892,2.61015,45,0,,,,,,,,,,
Recursive_BFS, Adjacency_Matrix,17,554,0.323591,16,0,,,,,,,,,,
Recursive_BFS, Adjacency_Matrix,101,7850,5.67697,100,0,,,,,,,,,,
Recursive_BFS, Adjacency_Matrix,12,275,0.149783,11,0,,,,,,,,,,
Recursive_BFS, Adjacency_Matrix,31,1428,0.903085,30,0,,,,,,,,,,
Recursive_BFS, Adjacency_Matrix,37,2604,1.70361,36,0,,,,,,,,,,
Recursive_BFS, Adjacency_Matrix,39,3092,2.02797,38,0,,,,,,,,,,
Recursive_BFS, Adjacency_Matrix,42,3385,2.24187,41,0,,,,,,,,,,
Recursive_BFS, Adjacency_Matrix,63,6204,4.31647,62,0,,,,,,,,,,
Recursive_BFS, Adjacency_Matrix,70,7269,5.13986,69,0,,,,,,,,,,
Recursive_BFS, Adjacency_Matrix,42,3442,2.28224,41,0,,,,,,,,,,
Recursive_BFS, Adjacency_Matrix,95,6214,4.45659,94,0,,,,,,,,,,
Recursive_BFS, Adjacency_Matrix,98,7058,4.99784,97,0,,,,,,,,,,
Recursive_BFS, Adjacency_Matrix,63,7080,5.04393,62,0,,,,,,,,,,
Recursive_BFS, Adjacency_Matrix,105,9466,6.6832,104,0,,,,,,,,,,
Recursive_BFS, Adjacency_Matrix,77,8909,6.65113,76,0,,,,,,,,,,
Recursive_BFS, Adjacency_Matrix,125,9095,6.95255,124,0,,,,,,,,,,
Recursive_BFS, Adjacency_Matrix,111,9641,7.45232,110,0,,,,,,,,,,
Recursive_BFS, Adjacency_Matrix,40,2863,1.88525,39,0,,,,,,,,,,
Recursive_BFS, Adjacency_Matrix,70,4439,3.01674,69,0,,,,,,,,,,
Recursive_BFS, Adjacency_Matrix,83,6982,4.99765,82,0,,,,,,,,,,
Recursive_BFS, Adjacency_Matrix,108,6605,4.71648,107,0,,,,,,,,,,
Recursive_BFS, Adjacency_Matrix,79,6459,4.44068,78,0,,,,,,,,,,
Recursive_BFS, Adjacency_Matrix,61,3956,2.67124,60,0,,,,,,,,,,
Recursive_BFS, Adjacency_Matrix,85,7492,5.315,84,0,,,,,,,,,,
Recursive_BFS, Adjacency_Matrix,85,7562,5.65787,84,0,,,,,,,,,,
Recursive_BFS, Adjacency_Matrix,90,6290,4.39385,89,0,,,,,,,,,,
Recursive_BFS, Adjacency_Matrix,56,3173,2.12966,55,0,,,,,,,,,,
Recursive_BFS, Adjacency_Matrix,62,2559,1.69239,61,0,,,,,,,,,,
Recursive_BFS, Adjacency_Matrix,138,9545,6.75358,137,0,,,,,,,,,,
Recursive_BFS, Adjacency_Matrix,81,5920,4.17964,80,0,,,,,,,,,,
Recursive_BFS, Adjacency_Matrix,94,9157,6.50067,93,0,,,,,,,,,,
Recursive_BFS, Adjacency_Matrix,69,4386,2.94137,68,0,,,,,,,,,,
Recursive_BFS, Adjacency_Matrix,83,6437,4.45375,82,0,,,,,,,,,,
Recursive_BFS, Adjacency_Matrix,66,4141,2.82754,65,0,,,,,,,,,,
Recursive_BFS, Adjacency_Matrix,36,2320,1.50699,35,0,,,,,,,,,,
Recursive_BFS, Adjacency_Matrix,121,8816,6.43425,120,0,,,,,,,,,,
Recursive_BFS, Adjacency_Matrix,118,9338,6.66741,117,0,,,,,,,,,,
Recursive_BFS, Adjacency_Matrix,77,7766,5.77959,76,0,,,,,,,,,,
Recursive_BFS, Adjacency_Matrix,58,6408,4.53498,57,0,,,,,,,,,,
Recursive_BFS, Adjacency_Matrix,69,4257,2.88358,68,0,,,,,,,,,,
Recursive_BFS, Adjacency_Matrix,31,1536,0.978984,30,0,,,,,,,,,,
Recursive_BFS, Adjacency_Matrix,69,5220,3.70259,68,0,,,,,,,,,,
Recursive_DFS, Adjacency_Matrix,1003,1003,0.308858,1002,0,,,,,,,,,,
Recursive_DFS, Adjacency_Matrix,3701,3701,1.13754,3700,0,,,,,,,,,,
Recursive_DFS, Adjacency_Matrix,4342,4342,1.3346,4341,0,,,,,,,,,,
Recursive_DFS, Adjacency_Matrix,2504,2504,0.777043,2503,0,,,,,,,,,,
Recursive_DFS, Adjacency_Matrix,5498,5498,1.68926,5497,0,,,,,,,,,,
Recursive_DFS, Adjacency_Matrix,1775,1775,0.545471,1774,0,,,,,,,,,,
Recursive_DFS, Adjacency_Matrix,3907,3907,1.20074,3906,0,,,,,,,,,,
Recursive_DFS, Adjacency_Matrix,9508,9509,2.95748,9507,0,,,,,,,,,,
Recursive_DFS, Adjacency_Matrix,8074,8074,2.48613,8073,0,,,,,,,,,,
Recursive_DFS, Adjacency_Matrix,3356,3356,1.03414,3355,0,,,,,,,,,,
Recursive_DFS, Adjacency_Matrix,5555,5555,1.71288,5554,0,,,,,,,,,,
Recursive_DFS, Adjacency_Matrix,9854,9854,3.06811,9853,0,,,,,,,,,,
Recursive_DFS, Adjacency_Matrix,7824,7824,2.41171,7823,0,,,,,,,,,,
Recursive_DFS, Adjacency_Matrix,2483,2483,0.765688,2482,0,,,,,,,,,,
Recursive_DFS, Adjacency_Matrix,89,89,0.02725,88,0,,,,,,,,,,
Recursive_DFS, Adjacency_Matrix,8215,8215,2.53073,8214,0,,,,,,,,,,
Recursive_DFS, Adjacency_Matrix,8524,8524,2.62545,8523,0,,,,,,,,,,
Recursive_DFS, Adjacency_Matrix,2743,2743,0.844508,2742,0,,,,,,,,,,
Recursive_DFS, Adjacency_Matrix,1229,1229,0.379046,1228,0,,,,,,,,,,
Recursive_DFS, Adjacency_Matrix,100,100,0.0306411,99,0,,,,,,,,,,
Recursive_DFS, Adjacency_Matrix,6188,6189,1.9078,6187,0,,,,,,,,,,
Recursive_DFS, Adjacency_Matrix,9622,9622,2.96583,9621,0,,,,,,,,,,
Recursive_DFS, Adjacency_Matrix,5290,5290,1.63027,5289,0,,,,,,,,,,
Recursive_DFS, Adjacency_Matrix,3909,3909,1.20468,3908,0,,,,,,,,,,
Recursive_DFS, Adjacency_Matrix,3090,3090,0.951504,3089,0,,,,,,,,,,
Recursive_DFS, Adjacency_Matrix,3587,3587,1.10633,3586,0,,,,,,,,,,
Recursive_DFS, Adjacency_Matrix,7359,7359,2.26598,7358,0,,,,,,,,,,
Recursive_DFS, Adjacency_Matrix,4543,4543,1.40074,4542,0,,,,,,,,,,
Recursive_DFS, Adjacency_Matrix,183,183,0.0559737,182,0,,,,,,,,,,
Recursive_DFS, Adjacency_Matrix,9278,9279,2.85888,9277,0,,,,,,,,,,
Recursive_DFS, Adjacency_Matrix,5869,5869,1.80768,5868,0,,,,,,,,,,
Recursive_DFS, Adjacency_Matrix,8156,8156,2.51531,8155,0,,,,,,,,,,
Recursive_DFS, Adjacency_Matrix,9906,9906,3.05428,9905,0,,,,,,,,,,
Recursive_DFS, Adjacency_Matrix,602,602,0.185716,601,0,,,,,,,,,,
Recursive_DFS, Adjacency_Matrix,7351,7351,2.2636,7350,0,,,,,,,,,,
Recursive_DFS, Adjacency_Matrix,6194,6194,1.90806,6193,0,,,,,,,,,,
Recursive_DFS, Adjacency_Matrix,3391,3391,1.05029,3390,0,,,,,,,,,,
Recursive_DFS, Adjacency_Matrix,4991,4991,1.5372,4990,0,,,,,,,,,,
Recursive_DFS, Adjacency_Matrix,8801,8802,2.71103,8800,0,,,,,,,,,,
Recursive_DFS, Adjacency_Matrix,6468,6468,1.9954,6467,0,,,,,,,,,,
Recursive_DFS, Adjacency_Matrix,7377,7377,2.27478,7376,0,,,,,,,,,,
Recursive_DFS, Adjacency_Matrix,1082,1082,0.333653,1081,0,,,,,,,,,,
Recursive_DFS, Adjacency_Matrix,8160,8160,2.51888,8159,0,,,,,,,,,,
Recursive_DFS, Adjacency_Matrix,919,919,0.28286,918,0,,,,,,,,,,
Recursive_DFS, Adjacency_Matrix,5442,5442,1.67663,5441,0,,,,,,,,,,
Recursive_DFS, Adjacency_Matrix,7561,7561,2.33384,7560,0,,,,,,,,,,
Recursive_DFS, Adjacency_Matrix,8623,8624,2.65663,8622,0,,,,,,,,,,
Recursive_DFS, Adjacency_Matrix,8438,8439,2.60079,8437,0,,,,,,,,,,
Recursive_DFS, Adjacency_Matrix,7918,7918,2.43944,7917,0,,,,,,,,,,
Recursive_DFS, Adjacency_Matrix,2463,2463,0.7594,2462,0,,,,,,,,,,
Recursive_DFS, Adjacency_Matrix,8816,8816,2.72002,8815,0,,,,,,,,,,
Recursive_DFS, Adjacency_Matrix,276,276,0.0842141,275,0,,,,,,,,,,
Recursive_DFS, Adjacency_Matrix,99,99,0.0306331,98,0,,,,,,,,,,
Recursive_DFS, Adjacency_Matrix,7734,7734,2.38446,7733,0,,,,,,,,,,
Recursive_DFS, Adjacency_Matrix,2073,2073,0.63866,2072,0,,,,,,,,,,
Recursive_DFS, Adjacency_Matrix,1010,1010,0.311464,1009,0,,,,,,,,,,
Recursive_DFS, Adjacency_Matrix,734,734,0.22647,733,0,,,,,,,,,,
Recursive_DFS, Adjacency_Matrix,4162,4162,1.28457,4161,0,,,,,,,,,,
Recursive_DFS, Adjacency_Matrix,4409,4409,1.35973,4408,0,,,,,,,,,,
Recursive_DFS, Adjacency_Matrix,3555,3555,1.09699,3554,0,,,,,,,,,,
Recursive_DFS, Adjacency_Matrix,6630,6630,2.04619,6629,0,,,,,,,,,,
Recursive_DFS, Adjacency_Matrix,1381,1381,0.426011,1380,0,,,,,,,,,,
Recursive_DFS, Adjacency_Matrix,2377,2377,0.733476,2376,0,,,,,,,,,,
Recursive_DFS, Adjacency_Matrix,2019,2019,0.622528,2018,0,,,,,,,,,,
Recursive_DFS, Adjacency_Matrix,7934,7934,2.44795,7933,0,,,,,,,,,,
Recursive_DFS, Adjacency_Matrix,8851,8851,2.73602,8850,0,,,,,,,,,,
Recursive_DFS, Adjacency_Matrix,8224,8225,2.54226,8223,0,,,,,,,,,,
Recursive_DFS, Adjacency_Matrix,6570,6570,2.02676,6569,0,,,,,,,,,,
Recursive_DFS, Adjacency_Matrix,9891,9892,3.05437,9890,0,,,,,,,,,,
Recursive_DFS, Adjacency_Matrix,8638,8638,2.66894,8637,0,,,,,,,,,,
Recursive_DFS, Adjacency_Matrix,7685,7685,2.3775,7684,0,,,,,,,,,,
Recursive_DFS, Adjacency_Matrix,9683,9684,2.98617,9682,0,,,,,,,,,,
Recursive_DFS, Adjacency_Matrix,3387,3387,1.04399,3386,0,,,,,,,,,,
Recursive_DFS, Adjacency_Matrix,307,307,0.0936239,306,0,,,,,,,,,,
Recursive_DFS, Adjacency_Matrix,1217,1217,0.375289,1216,0,,,,,,,,,,
Recursive_DFS, Adjacency_Matrix,5038,5038,1.55457,5037,0,,,,,,,,,,
Recursive_DFS, Adjacency_Matrix,6970,6970,2.15086,6969,0,,,,,,,,,,
Recursive_DFS, Adjacency_Matrix,779,779,0.240824,778,0,,,,,,,,,,
Recursive_DFS, Adjacency_Matrix,7508,7508,2.32203,7507,0,,,,,,,,,,
Recursive_DFS, Adjacency_Matrix,8345,8345,2.57434,8344,0,,,,,,,,,,
Recursive_DFS, Adjacency_Matrix,3659,3659,1.12893,3658,0,,,,,,,,,,
Recursive_DFS, Adjacency_Matrix,9437,9438,2.91724,9436,0,,,,,,,,,,
Recursive_DFS, Adjacency_Matrix,1887,1887,0.581786,1886,0,,,,,,,,,,
Recursive_DFS, Adjacency_Matrix,5982,5982,1.84622,5981,0,,,,,,,,,,
Recursive_DFS, Adjacency_Matrix,5544,5544,1.71007,5543,0,,,,,,,,,,
Recursive_DFS, Adjacency_Matrix,9226,9226,2.85212,9225,0,,,,,,,,,,
Recursive_DFS, Adjacency_Matrix,8980,8980,2.76984,8979,0,,,,,,,,,,
Recursive_DFS, Adjacency_Matrix,5931,5931,1.83002,5930,0,,,,,,,,,,
Recursive_DFS, Adjacency_Matrix,6894,6894,2.12735,6893,0,,,,,,,,,,
Recursive_DFS, Adjacency_Matrix,5497,5497,1.69691,5496,0,,,,,,,,,,
Recursive_DFS, Adjacency_Matrix,5319,5319,1.6417,5318,0,,,,,,,,,,
Recursive_DFS, Adjacency_Matrix,3826,3826,1.18154,3825,0,,,,,,,,,,
Recursive_DFS, Adjacency_Matrix,1676,1676,0.516866,1675,0,,,,,,,,,,
Recursive_DFS, Adjacency_Matrix,6289,6289,1.94405,6288,0,,,,,,,,,,
Recursive_DFS, Adjacency_Matrix,9532,9533,2.94206,9531,0,,,,,,,,,,
Recursive_DFS, Adjacency_Matrix,3691,3691,1.13866,3690,0,,,,,,,,,,
Recursive_DFS, Adjacency_Matrix,7488,7488,2.31288,7487,0,,,,,,,,,,
Recursive_DFS, Adjacency_Matrix,7579,7579,2.33979,7578,0,,,,,,,,,,
Recursive_DFS, Adjacency_Matrix,3077,3077,0.950956,3076,0,,,,,,,,,,
Recursive_DFS, Adjacency_Matrix,417,417,0.127953,416,0,,,,,,,,,,
